store_number,mcdzips
100,33801
101,60025
103,21401
104,20745
108,61832
109,80301
110,16509
112,47305
116,40258
117,49509
119,60048
121,53083
122,36606
123,22042
124,18109
128,46774
132,54901
134,11751
135,65807
139,48823
142,7410
144,65109
146,48071
147,80903
148,6111
151,33604
152,33901
154,61401
156,46805
158,49441
159,55987
160,8816
162,54701
163,54935
164,54220
165,53219
166,67211
169,49203
171,65201
173,53227
174,44126
179,48706
180,6606
181,80631
183,11756
187,45419
188,48910
189,60174
190,80525
191,49015
192,27405
193,14226
197,44305
198,11720
200,22030
201,6477
202,55421
203,97220
204,60064
207,14224
209,51104
210,48529
211,20783
212,45011
216,60115
217,28805
219,80010
220,87110
221,11757
222,48504
223,57702
225,19711
226,82001
229,44708
231,8817
232,80219
234,8002
235,87108
236,45236
240,60649
241,20852
242,11731
248,49505
249,83704
250,33781
252,32507
253,22304
255,18702
256,48640
258,40219
260,29625
261,45432
262,44137
264,37918
265,7748
268,15005
270,46516
273,11566
274,20707
276,44223
277,44124
278,60419
280,57701
284,55420
287,45042
288,37917
289,47404
290,46361
291,55118
292,73505
293,44130
294,15068
295,8638
301,6011
302,60007
306,48195
308,84404
309,49442
312,21222
313,57105
315,60648
316,27262
317,66611
318,43302
319,48060
320,41018
324,14701
326,60110
328,45416
329,60090
330,97005
335,60639
337,14304
339,44095
342,90266
343,67216
346,48093
348,14225
351,65803
353,90291
356,1089
357,48506
359,31206
362,43606
364,87107
366,44144
368,27704
371,55106
373,1603
375,16505
380,94002
381,44313
383,47129
384,97202
385,53402
391,48146
392,37912
396,62223
398,50312
400,21286
401,60402
405,81002
406,8861
407,37664
410,67501
411,98148
415,60406
416,94063
420,8059
422,80234
424,78723
425,97266
428,15235
429,63042
432,48601
434,80203
435,98144
437,90501
438,64054
441,45503
442,15102
445,22207
447,13440
449,35218
451,17011
453,8610
454,32401
455,31906
458,68131
459,98107
460,92867
462,71105
463,7661
465,64804
466,1420
467,44104
468,33404
470,46952
471,2721
472,98188
475,61604
476,90712
478,50310
482,33765
483,92804
486,91331
487,48066
488,48082
490,60655
491,41101
492,53221
493,46601
496,70062
500,33880
501,1810
503,97220
504,44121
505,29209
506,10543
507,55414
512,62301
513,92805
516,21146
521,29169
524,91504
525,21061
529,70805
530,35601
531,55428
532,64506
534,90503
536,44306
538,20906
540,90640
543,28052
549,2131
550,48917
551,35801
552,91343
553,30601
555,55110
557,19136
558,30904
561,90631
562,43224
563,28208
565,37040
566,62206
567,48223
568,32117
569,33612
570,99208
571,19805
572,90249
573,8010
574,46613
577,63116
578,90732
579,30161
583,19115
585,98402
589,84403
590,98499
592,1109
593,91506
594,97301
595,1867
596,3103
597,36607
599,90660
600,60130
603,95128
604,4102
605,91405
609,14850
611,20743
612,23230
613,32118
616,92844
618,98408
621,6457
623,92025
625,91767
626,18104
627,6489
629,1760
632,95118
633,90242
634,90744
641,42240
643,53222
644,52601
645,1020
647,30342
648,27106
649,22312
650,20002
652,53144
653,8097
654,95129
655,44142
658,90717
660,13214
661,95818
662,30328
666,4401
668,70806
669,32901
670,63130
671,55102
672,7001
677,12804
678,35661
681,33334
682,91744
683,6702
684,2124
685,91762
688,95841
690,93901
691,2072
693,20705
695,20011
697,40215
701,33607
702,55427
705,73159
706,84117
708,7083
711,48603
713,95821
714,15090
715,60302
717,33803
719,84115
722,53208
723,53051
724,93003
726,11590
728,20912
729,20746
731,91780
735,92627
736,2132
737,2301
738,60426
739,6450
740,34207
741,91605
742,1852
744,92704
747,67214
748,6830
749,32205
750,8360
751,67214
752,19040
753,60453
754,90650
757,94590
758,46226
761,48135
762,20737
763,94806
764,95350
766,33012
767,11803
768,11572
769,91006
770,60625
772,44108
773,95819
775,66204
776,94706
777,92868
778,95060
779,91732
780,53217
781,90405
782,43201
784,44134
787,90621
788,34950
789,38118
791,33162
792,33143
793,90604
794,70131
795,91326
799,61032
801,90280
802,95207
803,92626
804,91104
805,60638
806,93033
807,92833
809,92683
811,63136
812,60620
813,64116
814,93702
815,41071
816,14209
817,44070
818,44129
820,6460
821,44060
823,94541
825,13413
826,33167
830,54302
832,35810
833,78704
834,91345
837,12401
839,95608
841,44118
842,19001
843,95128
844,60623
846,17701
847,22305
849,91950
850,43701
851,46227
852,53130
853,60010
854,90260
855,92507
856,33614
857,92647
858,20019
860,8879
862,1060
863,22003
864,90716
865,90301
866,60646
867,84109
870,60445
871,13212
872,8619
874,94546
875,80909
876,90035
877,8104
881,47374
882,21244
883,18052
885,46254
886,57701
887,50613
888,60123
890,6854
891,61554
892,20110
894,12205
897,60619
898,21208
900,89030
901,91205
903,91010
904,33311
905,90047
908,48127
909,51106
910,60153
911,20747
912,60614
916,7109
917,91910
918,22204
919,56001
921,19602
922,19018
924,33021
925,19067
927,33012
930,90255
932,3079
933,62040
935,18508
936,8057
938,92801
939,94578
940,11772
941,40204
942,91030
943,20740
944,30305
945,76010
947,91601
948,91107
949,6810
951,71201
952,28405
953,98057
958,49548
959,90230
961,46320
962,92504
965,37620
966,43605
967,21409
968,22180
969,95205
970,90247
971,91754
973,95125
974,90602
975,89109
976,53207
979,48125
981,49001
983,91740
987,12866
988,46241
989,40504
990,3801
993,46222
995,66612
996,13502
998,20746
999,22203
1000,60018
1001,62521
1005,91340
1006,12304
1007,92806
1008,95051
1009,36107
1010,98406
1013,33064
1014,92110
1018,61820
1020,1923
1021,53716
1022,98133
1023,91605
1024,21215
1026,6473
1027,90029
1030,47304
1032,6430
1033,91786
1034,85713
1035,85719
1037,70815
1039,63701
1043,48185
1044,27605
1045,19020
1047,30341
1048,95991
1049,14606
1051,95926
1052,92374
1053,80303
1055,63115
1057,55906
1058,92647
1059,10469
1061,20706
1063,90016
1064,89503
1065,11427
1072,19606
1073,63301
1074,11422
1075,8753
1076,90701
1077,33401
1079,80224
1080,4011
1081,46947
1083,38119
1084,7728
1085,91423
1086,6066
1087,76541
1090,90042
1092,85018
1093,20904
1095,8225
1096,11229
1098,33144
1099,33710
1100,58103
1102,15234
1103,93117
1105,84107
1107,79412
1108,33030
1109,29605
1110,20895
1111,94558
1113,91324
1114,93458
1115,95691
1116,78758
1118,73110
1119,29204
1120,90505
1121,90043
1122,19803
1123,17057
1124,33704
1125,32809
1126,90037
1127,92706
1132,48126
1133,43537
1135,90006
1136,90023
1146,20176
1147,1247
1148,40203
1149,58201
1150,47715
1152,60443
1154,76053
1155,33607
1157,5403
1158,85015
1159,11369
1161,44704
1162,90250
1163,53005
1166,6360
1167,33156
1168,30084
1169,2081
1170,11434
1171,92832
1172,11363
1174,44691
1175,21061
1179,45255
1180,79106
1181,72401
1182,31520
1183,33040
1190,96821
1195,56387
1199,99503
1200,92780
1201,91406
1203,90606
1205,93065
1206,96816
1207,65804
1208,53172
1209,63131
1212,2601
1213,1040
1215,92054
1216,27406
1218,16602
1219,38305
1220,24502
1221,79401
1222,22191
1223,6340
1224,13126
1225,6226
1226,45013
1228,94538
1229,90713
1230,92109
1231,40503
1233,94536
1235,22601
1239,23294
1240,6092
1243,37919
1246,55912
1247,40241
1248,59405
1249,59102
1250,40216
1252,48034
1255,24541
1257,6033
1258,85015
1259,91311
1260,96734
1263,72227
1264,34652
1265,33511
1266,75601
1267,53216
1270,48240
1272,2536
1273,2062
1274,14206
1276,90034
1278,31602
1279,30084
1281,37415
1284,76308
1288,90404
1289,36303
1291,33756
1293,6457
1294,8034
1296,91801
1298,70808
1300,79603
1301,75701
1302,2492
1304,90033
1305,43615
1308,91706
1309,48180
1310,44240
1312,49508
1313,95348
1314,33610
1316,79760
1318,48811
1322,19428
1323,1453
1325,90019
1327,33316
1328,46516
1329,48060
1330,72901
1337,90670
1339,48161
1340,62002
1341,18966
1343,4330
1345,4901
1346,6475
1349,64119
1350,14623
1351,6405
1352,16801
1353,94521
1355,94533
1356,36201
1357,66061
1359,20906
1360,66538
1361,94947
1362,45701
1363,72701
1364,98136
1365,98225
1366,55448
1367,19124
1369,60035
1370,56301
1373,20009
1377,32960
1379,66112
1380,93103
1381,10507
1382,6106
1384,23321
1385,66202
1386,94404
1387,29501
1388,35020
1389,6614
1391,90029
1392,60101
1393,60411
1394,57104
1395,52404
1396,4106
1398,28025
1399,79924
1402,96817
1403,85016
1405,94608
1406,55406
1408,8505
1409,19428
1411,90038
1412,36602
1413,34231
1416,23455
1417,23502
1418,90003
1420,46383
1421,37204
1422,37211
1423,37210
1424,87112
1426,92646
1429,19901
1432,95123
1433,40219
1435,12054
1437,91201
1438,6450
1439,1301
1440,85301
1442,18644
1443,7052
1444,45505
1446,39401
1447,8021
1450,15222
1453,20009
1459,23860
1460,60126
1461,25703
1462,94901
1465,1701
1466,23462
1468,2184
1471,23503
1472,4072
1473,1803
1474,1960
1475,7076
1476,33313
1477,33615
1478,29210
1479,36116
1480,78207
1481,44102
1482,90745
1485,96782
1488,79107
1489,8901
1490,1835
1491,8865
1492,14901
1493,62650
1494,60561
1496,48021
1498,98004
1500,93534
1502,96740
1503,21093
1504,21061
1505,16501
1508,33774
1509,76115
1510,94568
1511,66046
1512,2532
1515,13069
1517,93030
1518,92708
1519,96732
1525,98310
1527,33460
1528,94040
1529,92119
1530,63044
1531,63109
1532,3301
1533,91351
1534,42001
1538,52002
1540,44601
1541,43402
1543,2458
1545,11703
1546,53218
1547,1915
1548,1824
1549,2370
1550,1085
1552,22309
1553,5641
1554,21136
1555,4769
1556,93105
1557,91911
1560,92311
1561,94941
1564,2453
1565,2767
1567,43081
1568,44107
1569,46227
1570,47906
1572,45385
1576,23222
1577,23223
1581,60634
1582,98665
1583,33179
1585,33060
1587,93612
1588,4841
1589,6037
1591,11763
1592,10940
1593,99204
1594,8817
1595,1757
1596,39581
1599,13601
1601,8110
1602,19104
1603,6776
1605,12901
1611,49735
1612,42301
1613,48313
1616,17402
1620,30236
1621,96792
1624,1826
1625,11968
1626,73008
1627,62526
1629,23225
1630,22401
1631,20186
1632,22902
1633,48302
1634,30501
1636,33612
1638,22030
1641,21702
1643,19043
1644,15701
1645,8075
1649,47201
1650,1604
1654,62702
1655,60523
1656,91792
1657,99504
1658,91932
1660,94044
1661,28803
1662,47303
1664,44109
1666,94601
1667,29607
1669,78408
1670,97402
1672,1501
1674,19047
1679,13820
1680,79905
1681,96789
1682,96816
1683,96766
1687,20735
1692,30310
1693,3246
1696,43232
1697,98105
1698,71202
1699,75231
1700,30327
1702,48234
1703,78224
1707,7027
1708,14420
1709,11787
1710,4092
1711,91316
1712,12550
1715,60716
1716,93436
1718,3743
1719,3867
1720,2111
1721,1118
1722,34748
1723,2885
1724,33056
1725,78216
1727,60452
1728,50501
1729,60403
1730,11768
1732,11727
1733,40216
1738,37620
1739,37660
1740,53205
1741,15146
1742,11901
1745,94609
1746,7764
1747,98901
1748,12603
1749,8028
1750,23602
1755,75240
1756,35210
1759,53204
1760,64124
1761,55408
1762,55811
1766,48093
1767,74135
1768,71111
1769,92021
1770,55902
1771,62208
1772,92630
1773,96913
1774,83201
1775,1606
1779,91745
1781,44130
1782,94112
1783,60004
1784,10567
1786,60463
1788,30066
1789,33145
1790,46226
1794,1821
1795,2339
1796,23666
1797,20855
1799,22042
1802,4073
1803,72076
1806,45801
1807,44077
1810,97330
1811,11203
1812,7840
1814,46219
1816,17013
1817,30120
1818,97302
1819,33130
1821,11701
1822,11791
1823,1570
1824,1201
1825,11435
1826,8844
1828,68131
1829,68801
1831,22310
1834,11747
1835,6114
1837,30349
1838,48507
1840,20745
1841,5701
1842,3801
1843,78201
1844,75062
1847,34982
1848,48154
1850,11717
1851,11554
1852,11414
1855,95035
1856,33157
1858,11003
1859,3784
1862,15213
1863,60131
1864,46350
1866,1730
1867,31794
1868,33024
1869,73115
1870,92201
1871,90020
1872,5452
1874,33884
1878,46321
1879,19135
1881,3581
1882,48329
1883,46809
1884,48910
1885,56560
1886,47803
1888,18840
1890,30165
1892,22302
1893,11693
1894,3431
1896,96744
1897,16501
1898,11375
1899,24014
1901,33004
1902,44705
1905,90623
1907,11790
1908,48091
1909,2910
1910,78209
1911,75209
1913,6854
1914,97601
1916,64114
1917,65201
1919,61603
1921,95610
1922,90026
1923,11934
1924,60411
1925,32806
1926,35212
1927,14221
1928,7106
1929,75208
1930,4605
1933,8053
1934,4090
1935,53213
1936,49686
1938,31093
1939,34689
1942,10927
1943,75219
1945,83501
1946,35233
1947,27909
1948,78148
1949,93940
1950,55435
1952,3818
1953,33617
1954,33809
1956,17601
1959,92083
1962,19122
1963,22980
1964,3820
1965,17025
1966,78227
1967,17331
1968,60660
1969,96814
1971,92660
1979,46342
1980,19605
1981,23434
1982,22701
1983,20601
1985,11776
1991,94501
1992,48108
1993,2879
1998,14701
1999,1510
2000,60016
2001,77018
2002,10025
2005,95688
2006,60652
2007,18519
2008,47150
2010,76710
2011,33306
2012,7724
2013,97504
2014,97477
2015,44134
2017,35216
2018,66604
2019,94015
2020,47401
2021,92404
2022,77504
2023,88101
2025,14760
2026,11553
2027,21502
2029,23518
2030,23669
2032,92117
2033,94520
2034,92243
2036,11210
2038,3038
2039,3060
2043,75207
2045,40511
2046,79904
2048,18512
2050,63033
2051,30518
2053,61354
2054,30045
2055,21222
2056,21613
2057,96002
2060,63863
2062,43229
2063,8822
2066,30240
2067,37814
2070,6082
2071,48209
2072,48066
2073,18202
2074,22152
2075,22630
2077,62864
2078,13219
2079,54601
2080,77055
2081,7801
2083,49855
2086,17602
2087,34994
2090,35211
2091,7647
2093,14063
2094,94530
2095,57401
2098,70601
2099,13421
2100,40475
2101,45424
2103,30274
2104,6418
2106,60148
2108,84102
2109,6098
2110,95501
2111,59601
2112,94612
2113,65301
2114,62220
2115,70501
2116,1082
2120,11357
2121,10512
2123,55076
2126,2664
2130,17201
2132,77015
2133,4736
2134,77079
2147,63011
2149,73703
2151,46526
2153,12553
2154,49120
2155,99701
2156,95116
2159,19380
2160,97005
2161,48170
2162,48327
2164,45601
2165,34292
2166,33711
2167,8736
2168,32168
2169,56007
2170,53081
2171,60188
2174,38128
2175,54880
2176,35901
2177,7060
2178,13676
2179,11106
2182,76039
2183,75670
2184,39440
2186,48346
2190,32703
2192,21040
2194,6770
2196,7827
2197,14020
2199,46323
2200,77087
2201,49224
2202,48066
2203,91436
2204,84067
2205,80918
2206,98503
2208,11010
2209,48336
2210,85364
2211,48320
2212,13206
2213,93701
2214,91361
2215,60430
2216,63043
2218,19055
2219,30720
2221,96817
2223,1440
2224,60099
2226,53186
2228,49015
2230,44833
2232,39301
2233,47274
2234,95815
2236,29150
2238,61364
2239,46545
2240,11385
2241,10010
2242,61350
2251,77098
2255,33611
2256,54494
2257,61821
2258,31705
2259,76201
2260,77520
2261,30253
2263,33174
2264,4938
2267,30223
2268,37130
2269,92335
2270,4756
2271,10977
2273,45044
2274,45840
2275,4276
2276,10001
2278,76703
2279,87501
2280,95678
2281,12946
2282,89706
2283,12302
2284,21042
2285,48214
2286,7304
2287,33134
2288,55082
2289,39180
2290,21702
2291,48073
2292,10023
2293,11373
2295,1581
2297,21740
2299,44094
2300,11354
2302,83301
2303,95482
2304,10530
2305,48183
2306,48864
2307,48604
2308,49504
2310,43512
2311,49006
2312,45424
2313,19802
2315,77058
2316,52001
2317,53711
2318,64801
2319,60618
2320,53223
2321,65803
2322,53220
2324,36609
2325,36618
2326,30117
2327,93230
2328,94550
2331,96826
2332,59801
2333,93309
2334,91710
2335,34741
2336,33772
2338,37076
2339,37312
2341,8332
2342,16335
2345,71109
2348,23504
2349,17044
2350,43402
2351,23701
2352,23505
2354,32225
2355,28212
2356,37072
2359,77901
2362,61081
2363,57301
2364,79109
2365,37643
2367,60647
2368,14424
2369,26505
2371,29407
2373,75501
2376,43015
2378,91320
2380,62801
2381,46072
2382,60438
2383,75240
2385,19608
2387,49707
2388,21228
2389,78040
2390,1913
2391,12203
2392,1906
2394,4210
2395,11510
2396,16301
2397,85705
2400,8302
2401,8012
2403,32405
2407,27573
2408,10467
2409,90025
2411,78415
2412,33566
2413,77022
2414,37215
2415,38501
2417,29577
2418,92865
2419,94086
2421,33169
2423,77551
2424,8854
2425,14904
2426,11563
2427,88201
2428,93901
2429,19320
2430,44103
2431,35816
2433,70002
2434,93637
2435,36867
2437,20164
2439,92503
2440,42701
2441,92071
2442,33870
2444,19145
2446,10019
2447,32726
2449,17011
2450,15137
2451,92870
2454,13479
2456,75090
2459,14609
2464,6515
2466,43026
2467,11214
2468,11793
2469,49829
2471,10601
2473,55408
2474,23322
2477,90720
2478,11385
2479,71291
2480,70816
2482,48601
2484,32210
2485,28358
2490,8046
2491,19720
2492,15065
2493,74128
2495,37912
2496,28786
2497,33322
2498,11232
2499,13323
2501,4915
2503,10303
2504,61008
2505,60632
2506,53916
2507,19103
2508,46203
2510,27606
2512,94025
2514,24060
2515,59102
2517,4619
2519,62025
2520,11787
2522,27516
2523,34112
2525,49036
2526,49091
2527,48218
2528,11236
2529,55406
2531,85028
2532,79015
2533,33309
2534,11514
2535,32084
2536,77004
2541,62959
2542,44224
2547,7002
2548,7735
2549,26301
2550,28334
2551,46151
2552,7852
2553,48504
2557,5829
2559,1844
2560,1550
2561,13440
2562,14527
2563,33837
2565,33431
2567,55124
2569,77037
2570,87112
2576,68847
2577,28501
2579,55021
2580,80005
2581,48161
2582,47250
2592,60185
2594,81008
2595,11208
2597,13662
2598,7866
2599,2745
2600,32714
2601,28110
2602,13601
2604,45895
2605,10940
2606,21201
2607,19015
2609,98030
2610,98801
2611,46140
2612,47933
2613,18042
2614,46250
2615,92675
2617,6096
2618,6519
2624,30066
2625,31061
2626,29483
2628,30331
2629,30906
2630,74003
2633,97701
2634,73132
2637,94509
2638,85635
2639,93550
2640,86001
2641,89121
2642,92220
2643,19401
2646,11691
2648,61109
2649,64014
2652,15672
2653,95020
2655,95382
2657,46060
2658,10467
2659,11416
2660,10594
2661,49002
2662,92672
2663,10022
2664,11226
2665,55016
2666,46158
2668,80211
2669,77093
2670,60409
2671,79925
2672,60901
2675,47904
2676,26101
2677,7003
2678,11222
2680,74076
2682,77840
2686,10472
2687,17745
2688,33023
2691,30824
2692,47362
2693,59404
2694,34691
2699,49307
2702,10003
2704,21228
2707,95350
2708,77083
2709,85303
2710,45891
2711,74133
2712,4468
2713,77530
2714,6067
2715,55430
2722,48801
2723,33830
2724,33021
2725,33009
2726,31520
2727,32808
2730,10458
2731,59715
2733,60432
2734,68701
2737,49428
2738,72301
2740,33166
2741,48317
2742,80501
2743,83651
2745,11735
2746,39648
2747,70072
2749,48867
2750,63132
2751,80224
2752,62656
2753,66502
2754,63376
2755,37221
2757,29730
2758,11368
2764,13205
2765,10463
2766,93274
2767,10012
2768,42501
2769,71901
2770,55437
2771,85202
2773,91011
2774,19977
2776,38122
2778,49858
2779,43123
2780,56304
2781,11901
2782,12428
2787,4412
2788,46580
2790,48116
2792,40391
2793,10453
2794,21014
2795,21054
2796,99207
2797,21213
2798,48328
2799,32073
2801,76541
2802,26041
2803,75074
2804,77099
2805,56201
2807,44820
2808,2816
2809,1230
2810,71730
2812,36619
2813,10016
2814,10028
2817,92845
2819,11743
2820,96786
2821,77301
2824,8037
2825,19152
2828,54304
2830,3106
2831,3235
2833,63501
2837,17036
2838,70119
2839,11778
2840,11207
2842,15132
2843,68025
2845,2128
2846,31601
2847,30344
2848,30094
2849,24179
2852,48386
2853,48609
2854,43616
2855,77034
2856,77092
2857,28601
2858,15501
2859,46901
2860,27889
2863,34711
2864,33064
2865,32807
2867,32250
2868,77340
2869,21921
2870,21220
2872,72032
2873,6382
2874,55303
2875,63119
2877,49423
2878,80229
2879,43220
2880,77090
2881,78216
2885,10461
2887,62401
2889,55122
2890,53704
2891,15401
2892,11105
2893,32809
2894,57006
2895,56401
2896,49085
2897,54449
2898,89030
2899,30135
2900,72227
2901,48838
2902,92126
2903,30701
2904,45662
2906,66762
2907,49093
2909,31501
2912,2139
2913,45246
2914,15370
2916,17876
2917,46706
2919,46176
2921,43130
2922,16125
2923,10801
2924,17325
2925,77471
2926,10960
2927,21222
2928,35901
2929,84770
2930,23518
2931,99362
2932,95610
2933,84070
2934,98002
2936,48103
2938,10462
2939,67530
2942,21207
2943,20002
2945,11204
2947,30068
2951,6901
2953,60050
2955,11101
2956,80537
2957,19132
2958,28379
2959,31717
2962,78237
2963,90650
2965,33844
2966,60101
2967,86401
2968,10011
2969,11561
2970,10033
2971,32309
2972,32822
2973,27801
2974,46637
2975,28001
2976,53913
2977,97030
2978,98372
2980,80227
2981,55112
2982,46628
2984,70560
2987,93555
2988,10468
2990,95826
2991,21601
2992,46815
2993,55433
2994,37217
2998,43160
2999,48198
3001,53209
3002,60804
3003,49508
3004,19023
3006,48307
3007,32812
3008,32750
3009,32091
3010,70068
3011,76501
3012,39507
3015,5478
3016,18704
3017,95210
3019,2324
3021,5301
3022,92544
3023,76306
3024,77531
3025,11103
3027,33801
3028,90064
3029,93206
3030,64093
3031,46205
3032,74601
3033,73108
3036,36105
3037,38401
3038,36067
3039,30040
3040,35215
3041,38104
3042,30339
3043,17403
3044,17268
3045,45601
3048,46410
3049,60061
3050,16830
3053,42135
3054,74012
3056,73501
3059,59901
3060,40160
3061,46224
3063,11354
3064,45238
3065,4462
3066,98520
3067,98444
3073,93063
3076,32055
3077,8873
3078,10001
3079,11213
3080,10465
3081,10031
3082,34787
3083,70117
3084,32348
3085,48098
3086,48176
3087,48071
3088,44281
3089,14219
3090,14467
3091,12065
3094,94306
3095,10033
3096,30034
3099,80634
3100,90063
3102,23831
3107,46815
3109,10468
3112,92225
3113,18042
3114,37214
3115,15642
3116,26062
3117,55109
3118,55113
3119,14621
3120,58106
3123,20748
3124,49503
3125,44128
3126,44060
3128,23185
3129,76133
3131,48316
3132,30303
3133,36608
3134,32177
3135,34677
3136,33025
3137,4281
3138,1970
3139,92405
3140,87301
3144,60506
3145,53216
3146,48221
3147,28472
3148,28401
3149,30263
3150,72315
3152,47371
3153,46131
3154,48446
3155,48051
3156,8108
3158,36081
3159,31210
3160,33980
3161,70458
3162,11367
3163,32937
3165,24701
3166,28144
3169,47201
3170,33065
3171,94105
3172,64114
3173,60628
3174,60118
3176,23834
3177,11725
3178,64056
3179,50320
3180,64119
3181,92101
3182,61614
3183,13669
3184,32218
3186,76111
3187,92064
3191,43701
3192,48813
3193,79701
3194,70002
3195,32931
3196,48879
3198,48722
3199,60532
3200,30014
3201,37601
3203,8742
3204,14454
3205,37923
3206,46619
3207,50023
3209,60137
3212,42420
3213,33706
3214,22801
3215,44035
3217,21001
3218,17701
3219,56308
3220,55432
3221,10704
3222,11375
3224,45503
3228,94110
3230,55112
3231,74115
3232,77063
3233,48205
3239,75701
3240,10573
3241,48842
3243,60517
3246,12303
3247,46013
3252,39305
3255,17522
3257,28352
3258,28677
3259,27511
3260,6355
3261,1876
3262,46714
3263,33702
3264,22401
3266,13815
3267,36301
3268,36330
3269,31201
3270,29640
3272,35501
3273,30032
3274,37087
3276,60008
3277,80205
3278,46368
3282,42431
3283,40217
3285,45801
3286,89431
3287,20744
3288,21078
3289,47805
3290,75081
3291,64063
3293,2777
3294,10954
3296,10550
3297,20170
3298,78217
3300,77081
3301,27530
3302,27203
3304,60645
3305,37209
3307,83814
3308,23601
3310,47404
3314,44136
3316,91765
3317,98034
3318,97526
3319,80239
3320,84119
3323,30075
3324,55427
3325,77662
3326,85020
3327,7505
3330,38116
3331,91040
3334,84057
3335,48187
3336,77096
3337,63122
3339,70663
3340,70056
3341,30144
3342,37416
3344,11385
3345,6878
3346,2360
3348,78223
3349,19380
3350,44906
3354,48040
3355,70805
3356,48602
3358,90007
3359,71108
3360,92886
3362,7601
3363,11215
3364,10029
3365,45385
3366,10472
3368,28655
3370,32233
3371,32209
3372,91331
3373,91307
3374,53190
3375,11206
3376,39401
3379,30605
3381,60446
3383,33173
3384,73118
3385,72764
3386,63108
3387,48161
3388,20190
3389,7663
3391,11226
3392,11413
3393,15857
3394,44312
3395,46220
3396,49221
3397,87401
3398,41042
3399,76112
3400,43228
3401,44857
3402,37216
3403,91977
3404,92024
3405,11542
3406,11432
3407,22901
3408,23233
3409,45231
3410,30601
3411,84321
3412,98661
3413,95076
3414,48353
3415,47374
3416,12010
3420,60411
3421,14228
3422,6053
3423,16510
3424,94587
3425,93001
3427,36830
3428,57350
3429,66801
3430,63139
3431,14127
3432,31408
3433,60641
3434,44483
3438,40601
3439,45804
3441,40701
3443,47331
3444,60543
3445,60625
3447,78230
3448,60178
3451,23458
3452,27627
3453,92691
3454,2865
3455,6492
3456,50208
3457,74354
3458,93010
3461,42141
3462,23320
3464,29526
3466,29902
3468,35216
3471,97401
3473,94560
3474,94952
3475,33541
3478,93420
3480,28645
3481,13165
3482,33435
3485,60477
3487,64111
3488,60098
3489,67005
3490,44304
3491,55812
3492,98532
3493,48111
3494,49548
3495,7093
3496,77590
3498,88310
3499,78212
3500,71360
3501,17901
3502,23847
3504,28309
3505,31701
3506,91764
3507,19044
3508,91381
3510,85033
3514,87121
3516,25177
3517,44130
3518,60639
3519,49068
3520,14810
3521,14513
3522,75060
3523,61920
3524,55413
3525,55114
3526,40351
3529,44129
3533,45066
3534,6795
3535,39503
3536,91768
3537,14624
3538,90249
3539,72015
3540,46970
3542,2762
3543,60450
3545,2828
3546,47670
3551,55112
3554,92260
3555,33321
3556,92045
3558,49534
3560,72116
3561,63123
3562,93041
3564,65401
3565,65804
3567,97470
3568,83704
3569,28052
3570,85282
3571,85013
3573,27704
3574,27030
3575,28216
3576,24153
3577,4730
3578,53094
3579,60139
3580,95240
3589,66212
3590,46992
3592,44622
3593,53233
3594,68803
3595,46268
3596,54481
3597,46614
3598,21212
3601,66441
3606,38834
3608,78753
3610,85719
3611,75901
3612,48309
3613,45373
3615,26101
3617,55119
3621,28315
3622,28792
3623,2771
3625,34103
3628,40222
3630,7631
3631,82901
3632,95122
3634,37701
3635,27886
3636,36201
3637,17602
3645,26554
3646,68310
3647,27295
3648,25414
3653,10001
3654,70503
3656,33823
3657,93305
3658,22560
3659,27205
3660,10030
3661,60611
3663,21157
3665,18360
3666,40291
3667,67502
3669,25312
3670,16323
3671,44024
3673,74801
3674,23005
3679,19464
3680,45322
3681,12205
3682,70364
3684,79904
3686,67901
3687,32446
3691,29650
3694,60085
3695,12188
3696,28806
3698,15238
3699,37388
3700,72756
3701,68005
3702,38732
3703,71446
3706,64055
3707,94404
3708,73401
3709,94015
3710,44017
3711,49738
3712,31709
3716,46733
3717,61068
3718,60047
3720,35611
3721,75503
3722,38024
3723,34601
3724,47905
3725,70814
3726,49202
3731,98277
3732,97217
3733,45241
3734,23231
3735,23294
3736,16652
3737,44117
3738,10457
3741,53202
3743,66048
3744,54601
3745,58601
3746,56601
3747,2720
3749,37415
3750,10591
3751,18702
3752,12110
3753,13827
3754,60462
3755,60067
3756,53719
3757,43452
3758,37110
3759,44805
3760,45206
3761,24141
3762,24501
3763,21225
3764,67801
3765,67846
3766,42071
3768,48640
3769,95014
3770,27870
3771,14103
3772,29631
3774,10306
3776,17837
3777,53105
3780,78840
3781,78363
3782,14207
3783,17702
3784,16801
3785,65616
3787,23513
3788,61021
3789,57103
3790,13904
3793,15222
3794,23901
3796,60465
3797,90048
3798,8260
3801,40330
3802,16701
3803,37203
3804,43130
3805,13021
3808,37064
3809,2904
3810,6410
3811,85621
3812,85257
3813,92120
3814,62522
3815,67460
3816,68601
3817,33014
3818,54868
3819,27658
3820,30125
3822,19901
3823,60085
3825,95122
3826,92069
3827,48390
3829,48430
3830,45806
3831,95603
3834,19128
3835,10001
3836,8721
3837,11411
3839,11207
3840,32569
3841,70005
3842,78667
3843,77029
3845,49770
3848,92324
3849,14220
3850,98007
3851,97301
3852,5156
3854,48413
3855,53207
3856,96734
3857,42101
3858,37055
3863,14221
3864,70737
3865,88240
3866,79045
3867,30058
3869,2719
3872,91367
3873,41017
3876,7030
3878,22903
3880,11218
3881,28390
3882,8009
3883,60629
3884,26330
3885,19031
3886,16214
3887,39601
3889,79102
3890,42718
3891,40207
3892,48750
3893,40353
3894,46033
3895,36876
3896,32819
3898,80525
3899,68502
3900,61356
3901,60639
3902,60803
3903,54701
3906,45680
3907,87104
3908,74145
3909,29732
3910,30474
3911,15533
3912,28092
3913,28043
3918,44125
3920,12043
3922,19056
3923,64129
3924,61443
3925,37912
3926,62010
3927,20878
3928,98362
3929,92103
3931,54751
3933,29577
3934,28314
3935,27288
3936,92231
3942,21201
3944,94931
3945,16127
3947,44143
3949,48131
3951,61571
3952,65109
3953,47586
3954,12828
3955,46220
3956,27576
3957,62450
3958,13365
3959,12901
3960,12020
3961,14607
3962,14437
3963,71901
3964,70726
3965,39206
3967,60173
3968,31792
3969,83843
3970,24333
3971,24426
3972,97209
3974,97459
3975,40243
3976,48067
3977,8016
3978,11203
3979,33853
3980,45750
3981,23669
3984,23455
3985,31015
3986,71055
3987,32609
3988,48095
3990,48197
3993,93060
3994,40213
3995,85021
3996,61764
3997,91301
4001,91770
4002,34243
4003,45014
4004,31533
4005,48858
4006,61801
4007,64836
4008,43528
4009,48174
4010,84109
4011,93309
4015,6360
4016,55033
4017,29720
4019,10018
4020,10009
4021,12754
4022,48101
4025,11201
4027,11212
4028,77901
4029,96818
4030,34429
4032,80204
4035,95351
4036,55413
4037,84115
4039,14215
4041,46394
4045,30047
4046,94564
4049,62703
4051,71106
4053,48170
4054,6040
4056,66103
4057,64506
4060,53590
4061,60603
4066,37066
4067,53704
4068,3051
4070,96910
4071,88220
4072,15108
4073,30529
4074,8012
4075,92706
4076,85501
4077,49512
4079,47834
4081,60451
4087,40065
4088,27263
4089,91702
4090,92704
4092,87107
4093,31545
4094,85029
4096,48504
4097,48507
4099,71105
4100,98837
4101,40216
4102,22664
4103,21842
4104,23451
4105,24301
4107,60107
4108,92014
4110,77630
4111,95206
4112,33064
4113,93215
4119,98003
4120,84720
4121,15146
4122,33905
4123,23235
4124,41015
4126,80907
4128,91203
4134,18964
4137,27405
4138,27893
4142,34231
4143,33618
4145,21234
4146,72335
4147,95376
4148,43113
4151,7974
4152,60505
4154,92111
4155,32405
4157,48043
4160,98466
4162,48312
4163,82070
4164,66044
4165,23704
4166,28712
4167,37748
4168,77833
4170,22801
4172,36360
4173,72901
4175,34972
4179,87108
4180,86301
4181,73099
4183,12211
4184,60609
4186,49047
4187,60172
4188,60560
4193,23185
4194,95032
4195,36037
4198,45036
4199,10701
4201,93454
4202,19149
4205,3102
4206,82801
4207,17815
4208,57078
4209,2135
4210,11223
4212,63090
4214,49080
4215,46224
4216,67216
4217,40403
4220,16101
4221,27549
4224,78040
4225,19025
4226,80751
4227,31029
4229,21108
4230,21122
4231,53566
4233,46304
4234,10473
4235,95340
4236,95901
4237,77706
4239,31768
4240,76401
4241,15122
4242,29678
4243,22033
4244,73108
4245,78550
4246,99301
4250,98188
4251,53142
4253,52241
4254,33907
4255,34470
4258,18431
4259,14830
4261,46041
4262,44446
4263,30286
4264,81657
4265,12538
4267,80202
4270,50010
4271,90405
4272,12198
4274,61938
4275,37303
4276,49236
4277,16417
4278,48362
4280,74447
4281,40004
4282,73139
4284,52404
4286,46755
4287,24016
4288,25801
4289,83705
4290,24740
4291,46550
4294,16602
4295,18411
4296,18403
4297,19341
4298,67213
4299,60015
4300,54935
4302,30907
4303,78218
4304,52627
4305,12206
4306,27284
4307,53022
4308,98101
4309,38901
4310,90032
4311,6705
4312,20715
4313,37075
4314,44004
4319,80020
4320,27703
4321,48723
4322,98424
4323,49001
4324,94086
4325,35401
4327,48423
4329,39540
4330,72114
4332,7416
4336,77801
4337,38242
4338,62234
4339,10956
4340,46953
4341,24354
4344,11231
4345,11224
4346,11216
4347,56258
4350,4530
4353,18901
4354,15237
4355,17078
4356,33406
4358,22180
4360,42345
4361,12118
4362,12209
4367,60007
4368,98503
4369,92314
4371,44266
4372,94704
4373,90040
4375,23185
4376,28358
4379,60173
4380,62568
4381,68901
4385,56283
4387,26726
4388,20872
4390,79907
4391,78520
4392,46901
4393,36460
4394,55792
4396,2062
4399,46563
4400,30093
4401,52501
4402,62881
4404,87106
4405,46012
4406,37040
4407,46202
4408,93422
4409,37601
4411,53018
4412,95010
4415,60510
4417,60618
4418,34266
4419,84084
4420,36027
4424,77053
4426,7205
4427,48846
4428,16801
4429,15012
4430,30680
4433,48420
4434,18103
4436,96150
4438,89801
4439,91902
4440,85546
4441,85031
4443,27320
4445,19137
4446,95825
4447,14301
4449,19525
4450,21229
4451,49417
4453,97321
4454,58401
4456,88030
4457,14895
4458,44057
4461,75229
4467,46804
4469,1904
4470,46514
4471,90813
4472,45424
4473,48134
4474,58201
4475,20785
4479,32034
4481,27012
4482,97071
4483,97504
4484,10018
4488,49058
4490,60193
4491,29403
4492,38655
4493,95667
4496,48202
4497,85023
4498,16354
4508,61944
4509,70065
4510,46750
4512,99037
4513,60507
4515,70570
4516,72801
4517,90265
4518,85306
4521,34420
4523,3301
4524,95132
4525,99217
4526,62946
4528,61607
4531,60435
4532,60060
4534,33903
4536,34474
4538,30278
4540,74501
4541,76240
4542,78626
4543,76103
4544,96815
4546,32763
4549,66106
4550,20744
4551,61832
4552,96814
4553,80111
4555,10312
4556,16105
4560,85122
4561,8816
4562,24504
4563,1801
4565,30650
4566,19720
4567,53074
4568,53186
4569,72601
4570,28540
4571,28752
4573,8070
4575,36605
4576,52240
4578,96097
4579,43560
4580,70615
4581,67337
4582,74104
4583,75228
4584,46635
4585,54166
4587,53151
4588,60640
4589,90006
4590,60134
4591,76301
4592,8226
4593,1220
4594,98052
4595,8201
4596,45690
4598,15905
4604,43812
4605,32803
4606,27948
4607,95521
4608,29360
4609,29512
4610,91730
4612,42066
4617,8210
4618,55379
4619,17013
4620,15205
4621,6076
4623,6250
4624,2703
4625,18049
4626,97223
4627,30214
4628,77511
4629,35803
4630,29706
4632,47421
4633,93654
4634,32561
4635,49684
4637,98020
4638,92841
4639,49721
4640,43558
4641,32505
4642,29461
4643,95219
4644,87020
4647,15110
4649,62249
4650,60660
4654,87106
4655,60623
4656,29020
4661,45140
4662,97914
4663,27536
4664,33186
4665,50616
4666,46544
4667,48188
4673,98022
4675,97801
4679,47802
4680,21133
4681,75961
4682,10013
4683,63385
4684,29617
4685,37665
4686,49008
4688,97058
4689,95965
4690,81625
4691,54115
4693,23418
4694,77069
4695,65536
4696,67410
4698,92586
4699,85032
4700,43608
4701,67042
4702,29928
4703,82716
4704,48661
4705,11201
4706,22191
4707,58801
4708,56073
4709,56031
4710,50401
4712,28303
4714,76522
4716,19122
4717,63010
4720,40769
4721,68127
4722,23502
4723,43209
4724,45640
4727,77702
4728,98011
4729,91750
4731,11226
4735,19713
4737,60636
4738,87301
4739,43326
4740,28115
4741,81401
4742,79556
4743,36303
4745,95616
4747,31728
4748,60440
4749,50428
4752,31082
4753,1520
4754,81212
4755,27834
4756,92373
4757,77386
4759,34450
4761,52761
4762,23235
4763,48047
4766,28365
4767,47905
4768,29812
4769,92115
4770,37115
4771,81301
4772,32405
4773,89030
4774,28613
4775,23324
4776,40202
4777,75202
4778,90620
4779,92025
4781,54729
4782,23602
4785,47401
4786,68046
4787,88130
4788,61401
4789,14620
4791,61520
4792,46825
4793,14610
4794,98584
4795,75662
4798,29607
4799,48706
4800,77505
4801,33607
4802,77009
4803,99114
4804,95624
4805,62056
4806,56093
4808,18708
4809,13619
4811,46312
4812,70433
4816,32209
4817,15206
4818,46203
4819,40508
4820,99503
4821,44012
4822,53705
4823,24201
4825,10027
4830,2861
4831,16407
4833,2188
4834,47591
4835,7604
4836,14201
4837,19020
4838,63901
4840,63366
4841,63841
4844,90023
4845,2136
4846,45365
4847,1104
4848,47906
4849,48836
4852,23452
4853,48377
4854,64850
4855,92065
4856,68521
4857,1754
4858,12095
4859,98626
4860,13760
4861,77338
4863,48875
4864,19335
4865,15317
4866,44406
4867,43140
4868,32043
4869,92882
4870,48126
4871,45631
4873,45133
4876,2158
4878,32548
4879,30720
4880,56701
4881,49646
4882,48471
4883,38751
4884,8094
4887,62454
4888,64468
4889,49022
4891,98118
4892,48444
4897,60459
4898,47170
4899,60163
4900,60053
4901,33904
4902,32608
4903,96822
4904,44001
4905,30067
4906,49801
4908,47978
4909,85282
4910,53024
4911,53538
4912,92154
4917,98146
4918,55120
4920,7201
4921,71923
4922,60026
4924,40217
4925,46225
4926,45309
4929,95670
4930,40165
4931,47394
4934,27101
4935,2169
4936,65737
4937,19348
4938,67601
4939,15202
4940,16933
4941,78704
4943,76051
4944,45694
4945,48118
4947,98944
4949,95121
4951,83201
4952,83709
4953,37013
4955,1830
4956,3077
4957,98271
4958,46808
4959,19947
4960,6786
4961,34293
4963,43085
4965,98027
4966,14411
4968,95842
4969,96080
4970,32060
4971,60525
4975,17257
4976,23111
4977,28804
4978,28147
4979,83318
4987,29108
4988,53147
4990,37160
4991,27253
4992,70127
4993,12561
4994,2054
4995,32536
4996,64120
4997,27604
4999,46307
5000,35096
5002,33309
5003,33015
5004,55391
5005,35976
5006,92020
5007,73942
5008,66701
5010,15701
5011,41240
5012,77573
5013,20794
5014,52302
5015,53066
5016,10451
5018,33525
5020,1453
5021,44030
5022,43950
5023,89502
5024,94558
5026,60651
5027,33813
5028,27602
5029,73521
5030,32234
5031,31904
5032,29477
5034,38829
5037,98366
5039,77084
5040,29488
5043,30066
5044,35967
5045,89103
5048,49009
5049,34237
5050,17111
5051,11758
5052,46933
5053,48111
5054,48180
5055,23234
5057,49445
5058,45005
5059,44145
5060,43311
5061,45211
5062,95833
5064,63017
5065,84047
5067,80906
5068,14215
5069,23602
5070,28716
5072,15668
5073,1566
5074,35160
5077,86023
5081,46360
5082,60020
5083,76028
5084,48381
5085,32504
5087,49090
5088,21223
5090,33070
5091,62821
5092,38261
5093,55057
5094,34767
5097,54241
5098,75247
5099,41056
5100,43223
5101,44115
5103,32570
5105,27609
5106,8733
5110,70121
5111,39401
5112,33150
5114,48611
5115,60656
5117,33317
5118,4401
5119,61701
5121,46227
5122,70526
5123,22403
5125,93308
5126,52773
5127,89102
5128,56537
5129,43212
5131,76801
5132,78596
5134,27577
5136,60033
5137,60527
5138,83440
5140,32351
5141,75062
5142,30291
5143,47334
5148,55434
5149,90028
5151,55337
5153,60014
5154,38138
5155,19543
5156,4106
5157,2916
5158,63670
5159,64012
5160,21784
5162,18235
5166,78219
5167,26836
5168,21204
5169,31324
5170,56345
5171,97850
5173,46241
5174,45377
5175,65270
5176,20001
5177,92227
5180,15227
5181,77375
5182,17201
5183,73018
5184,73036
5190,40220
5191,76901
5192,28170
5193,29303
5194,45371
5195,21014
5196,55720
5198,67212
5199,62471
5200,62221
5201,60040
5202,60481
5204,92021
5206,33771
5207,21090
5208,49938
5209,60540
5210,45875
5211,22960
5213,91733
5215,50702
5216,46120
5217,98101
5218,97838
5223,99336
5225,18087
5226,21851
5227,90706
5228,39074
5229,36526
5230,60626
5231,84003
5232,20646
5233,60645
5234,80498
5236,53901
5237,48706
5238,49424
5239,85711
5240,89118
5241,27278
5242,18954
5243,19703
5244,92054
5245,8096
5246,60628
5247,45429
5248,38478
5249,87159
5250,75110
5251,48209
5254,60439
5255,94533
5256,91304
5258,52577
5259,43701
5266,77077
5267,51031
5268,24482
5269,63401
5272,61244
5273,24210
5274,81321
5276,30736
5277,24382
5278,54235
5279,23970
5281,75601
5282,26105
5284,38122
5287,55362
5288,63775
5289,60548
5290,46375
5292,60420
5293,60620
5294,95361
5295,95945
5296,92801
5297,98926
5298,98531
5299,49017
5300,48178
5302,49548
5305,35476
5306,30132
5307,93710
5308,43040
5309,19963
5311,6790
5312,2904
5313,1757
5314,4074
5316,18091
5317,50009
5318,35055
5319,41101
5320,58201
5321,36421
5322,29464
5323,32808
5326,50511
5329,21532
5330,91746
5331,77581
5332,62906
5333,47240
5334,68137
5338,90740
5340,13503
5341,26554
5342,16866
5343,14779
5344,63069
5346,85643
5347,28012
5348,60521
5349,47547
5350,29072
5351,32605
5352,66102
5353,49783
5354,95926
5356,98056
5359,70053
5361,43128
5364,16901
5365,13045
5367,2904
5368,27344
5369,80601
5373,93662
5375,73128
5377,60202
5378,44641
5383,36610
5384,27025
5385,13838
5386,43202
5387,4005
5388,18360
5389,48327
5390,93630
5391,55025
5392,23294
5393,75006
5394,73801
5395,78205
5396,29520
5397,6320
5398,97116
5400,77627
5401,44460
5403,21502
5405,98373
5406,51334
5407,43081
5408,2562
5410,40031
5411,21128
5412,28806
5413,95453
5414,23518
5416,92129
5417,8103
5418,21207
5420,55316
5421,28501
5422,14211
5423,28081
5424,28601
5430,72712
5431,38019
5432,79605
5433,15063
5436,66214
5437,21704
5439,53209
5440,72120
5441,15106
5442,60423
5443,77002
5445,38668
5446,27215
5447,95630
5451,55355
5452,60455
5453,8204
5455,85009
5456,21795
5457,49319
5458,92123
5460,64133
5461,95054
5462,70126
5467,76015
5468,66604
5470,33619
5471,60639
5472,60628
5473,35768
5475,8723
5476,92509
5477,49509
5478,48192
5479,75115
5480,92113
5481,85706
5485,96746
5486,46112
5487,93728
5489,52556
5490,52402
5492,32011
5493,44319
5495,62286
5496,60534
5497,46383
5498,33408
5499,30121
5500,44903
5501,49001
5503,23112
5504,48437
5505,20132
5506,48092
5507,60068
5508,53406
5509,98221
5510,54961
5511,62863
5512,6413
5514,24073
5515,78130
5516,21131
5517,53154
5518,12550
5519,13035
5520,47265
5521,65775
5522,94080
5524,65065
5525,44133
5526,86403
5528,46725
5529,6488
5531,18202
5532,16412
5533,30080
5535,55112
5536,94544
5538,55372
5540,44890
5541,55313
5543,33157
5546,53225
5548,43017
5552,25526
5553,87123
5554,85201
5555,37660
5556,29303
5557,37738
5558,4345
5560,80013
5562,80022
5563,97355
5564,34746
5565,14701
5566,35601
5567,50036
5568,48658
5569,48313
5571,16001
5573,98109
5574,24112
5575,80501
5577,8110
5578,11801
5579,91941
5580,45458
5581,79915
5582,83605
5583,98290
5586,98005
5587,33709
5588,60115
5589,85338
5590,87109
5591,46356
5592,19426
5593,46229
5594,29418
5595,39553
5596,66608
5600,86047
5603,33462
5604,54971
5605,91748
5606,4105
5608,45014
5609,1701
5610,2346
5611,54401
5612,53562
5615,32073
5617,62535
5619,92404
5620,62521
5622,29442
5623,78214
5624,21401
5625,27713
5626,48144
5627,12189
5628,92630
5629,55331
5630,8753
5631,50322
5632,10454
5633,95131
5635,19973
5636,34221
5637,78852
5638,17109
5639,26501
5640,18017
5642,7481
5644,33825
5645,19047
5646,95531
5647,44313
5649,42001
5650,37912
5651,27613
5653,68410
5656,46241
5657,18707
5658,28451
5659,87571
5660,95023
5665,61866
5667,95148
5668,61614
5669,39111
5672,30504
5673,61820
5674,19111
5675,47305
5678,97365
5679,97128
5681,49461
5682,60621
5684,10451
5686,98312
5687,7055
5688,84118
5690,63303
5691,38109
5692,64128
5693,43725
5694,61265
5695,33570
5696,37334
5697,60634
5698,27055
5699,93710
5700,47501
5701,82009
5702,60623
5703,78028
5704,33777
5708,60616
5709,14052
5710,43612
5712,72653
5714,60445
5715,38301
5716,61761
5721,71270
5723,18088
5724,38127
5725,23430
5727,12524
5728,47374
5729,6062
5730,29536
5731,88401
5732,43567
5733,40229
5735,46173
5736,53713
5737,17931
5738,48734
5739,91761
5740,86001
5741,79762
5742,20706
5744,60639
5745,60453
5747,95540
5748,45236
5749,28348
5753,2150
5754,62896
5755,13495
5756,65251
5757,28625
5758,40505
5760,98198
5761,33460
5762,28211
5763,96813
5764,77002
5767,81050
5768,55318
5769,55068
5773,98033
5774,47712
5776,33409
5778,65340
5780,61554
5781,28301
5782,93304
5783,85541
5787,21788
5790,55746
5791,57501
5795,98072
5796,64055
5797,65109
5798,1607
5799,23661
5801,22303
5802,21842
5803,77091
5804,75149
5805,28739
5806,92704
5807,22192
5808,87801
5809,75211
5810,50125
5811,33584
5812,78384
5813,60617
5814,37662
5815,68467
5816,62966
5817,64804
5818,80221
5819,80120
5821,76017
5822,36092
5825,8330
5827,30906
5828,33781
5829,48617
5831,45345
5832,39056
5834,15226
5835,40203
5836,61107
5837,16201
5838,29576
5839,23434
5840,47460
5842,19331
5843,18938
5845,43460
5846,92284
5850,6479
5851,85364
5852,29407
5853,48152
5854,33328
5856,37862
5858,97045
5859,33175
5861,84079
5862,57783
5863,45750
5864,71801
5870,53913
5871,28411
5872,47909
5874,48708
5875,76048
5876,8360
5877,93427
5878,29485
5879,4103
5880,52804
5881,62052
5882,49779
5883,92553
5884,98042
5885,77020
5886,33801
5887,32277
5888,78332
5891,47630
5892,33406
5893,98409
5894,13790
5895,60640
5896,49781
5897,18073
5899,45050
5900,46322
5901,18102
5903,7480
5904,78040
5905,8520
5911,43348
5912,20678
5913,77414
5914,56082
5915,15010
5916,15317
5917,19567
5919,92352
5920,92410
5921,7114
5922,76118
5923,23323
5924,92363
5925,81101
5926,22193
5927,75455
5928,66067
5929,54952
5930,14221
5931,33445
5932,7514
5936,49127
5939,95603
5940,90043
5941,40422
5942,50595
5943,44062
5944,33181
5945,98012
5946,37857
5947,60402
5948,74401
5949,55350
5951,11520
5953,43430
5954,1085
5955,48039
5956,6416
5957,97062
5958,45030
5959,14150
5960,14047
5961,46517
5964,99577
5965,28805
5966,81008
5971,28546
5972,15001
5973,31707
5974,31040
5975,92324
5976,55369
5978,59937
5979,59501
5981,54901
5982,8055
5983,34236
5984,78208
5985,74701
5986,25504
5988,6513
5989,77840
5990,33068
5994,97015
5995,97601
5996,97503
5997,84660
5998,69301
5999,13219
6000,60018
6001,32074
6005,30752
6007,55121
6009,80110
6010,80401
6011,87740
6012,68134
6015,46260
6016,60093
6017,28906
6019,28711
6020,53589
6021,97086
6022,37918
6023,95020
6026,71459
6027,17112
6029,87108
6031,75702
6032,12309
6033,14009
6034,7204
6035,1013
6036,13032
6037,25401
6038,93727
6039,60634
6041,8066
6042,75119
6044,85741
6045,85901
6046,26201
6047,80020
6048,84041
6049,25901
6050,1562
6053,95035
6054,43078
6055,25271
6056,48328
6057,32534
6059,75051
6060,36732
6061,65807
6062,68510
6064,64015
6065,89110
6069,34785
6070,1588
6071,12534
6074,77070
6075,24517
6076,17601
6077,50801
6078,18822
6080,31903
6081,29142
6082,15656
6083,20020
6084,80233
6085,85032
6086,19312
6087,46208
6090,40741
6091,38134
6092,38111
6094,37206
6096,46201
6097,46613
6098,31405
6099,1056
6100,33024
6102,33458
6103,33032
6105,25015
6106,44839
6107,62626
6108,34788
6109,63132
6110,51601
6111,40505
6112,37209
6113,60615
6114,34684
6115,40361
6118,55116
6119,61550
6120,20866
6123,99801
6124,30909
6125,37207
6126,64152
6127,55330
6128,50138
6129,1119
6130,48623
6132,77379
6133,26354
6134,51355
6135,19132
6139,82301
6141,16046
6142,29671
6143,60085
6144,74074
6147,40202
6148,60115
6149,80920
6150,6460
6151,7753
6152,8079
6153,2888
6154,1608
6155,90022
6158,7003
6159,7083
6160,10027
6161,75210
6162,23321
6164,53821
6165,13021
6166,46032
6168,14618
6169,77701
6170,39576
6172,16509
6173,27410
6174,77539
6175,98370
6176,38555
6177,56001
6178,32428
6179,33634
6180,92869
6183,45403
6185,18661
6187,34134
6188,94544
6189,30401
6191,94080
6193,60617
6195,28328
6196,78704
6199,35640
6200,17557
6201,23464
6202,17055
6203,70345
6204,33055
6205,28734
6206,40218
6207,33430
6209,97402
6210,64772
6211,67202
6213,67701
6216,95202
6217,85358
6218,37771
6219,18055
6223,36606
6224,70401
6226,23666
6228,88345
6229,48160
6231,87701
6232,84302
6233,64116
6234,27107
6236,55420
6237,48624
6241,53115
6243,60126
6245,31791
6247,33904
6248,60108
6250,63080
6253,37312
6254,19604
6259,44875
6260,85718
6264,65202
6265,61801
6266,44505
6267,28681
6268,45242
6275,61109
6276,49079
6277,14213
6279,1027
6280,78227
6281,48346
6283,89406
6284,97006
6285,70301
6286,71753
6287,48183
6288,48189
6289,13142
6290,14626
6291,33498
6292,41501
6293,13753
6294,11559
6295,33613
6296,32819
6297,8043
6298,60630
6300,55066
6301,45249
6302,74055
6303,33936
6305,89423
6306,47348
6307,67124
6310,60638
6311,15666
6312,43351
6313,13428
6314,6437
6315,81230
6316,32246
6317,50702
6319,92614
6321,54880
6323,62702
6324,47714
6325,76106
6326,47167
6327,90025
6329,85210
6330,32505
6332,71203
6334,45255
6335,44505
6337,60619
6338,41514
6339,77706
6341,40220
6343,84701
6345,22015
6346,31750
6347,75062
6348,92121
6349,19148
6350,46312
6351,70809
6355,79072
6356,63640
6357,95823
6359,55125
6361,49202
6362,49504
6363,37167
6369,45320
6370,61104
6371,4457
6372,66062
6373,5701
6374,27954
6376,91791
6377,58075
6378,76106
6379,68352
6380,43074
6381,24175
6382,33026
6383,73106
6384,84123
6389,80120
6390,32750
6391,75654
6392,75002
6393,61701
6394,6516
6395,80002
6396,84116
6399,24502
6400,99223
6401,38464
6402,40214
6403,64735
6406,35401
6407,90240
6408,84105
6409,28694
6410,85034
6413,30533
6414,71129
6417,78752
6418,62246
6419,43764
6421,89501
6423,36608
6425,75401
6427,32207
6428,42303
6429,40214
6430,21045
6431,33174
6432,22401
6434,28226
6435,83001
6436,72110
6437,35150
6439,14482
6440,80401
6441,80104
6442,81520
6443,98133
6444,80030
6445,53213
6446,53713
6447,70510
6448,7102
6449,20011
6450,1432
6452,6501
6453,80224
6454,81601
6457,28052
6458,14141
6460,54548
6461,22655
6463,28205
6465,32703
6466,8060
6468,14589
6469,62704
6470,90804
6471,64506
6472,77064
6475,75180
6476,68124
6477,33012
6480,92010
6481,54301
6483,55807
6484,55438
6486,33166
6488,43612
6489,34210
6490,20705
6491,60601
6492,15116
6493,55119
6494,60609
6495,26155
6496,30034
6497,24970
6499,17356
6500,16365
6501,28779
6502,53142
6503,94520
6504,75070
6505,43050
6507,53204
6508,68114
6509,75482
6511,61101
6512,98272
6513,22153
6514,34746
6516,78415
6517,48062
6518,7208
6519,78801
6520,68506
6521,32221
6522,33619
6523,55014
6524,59270
6527,73160
6528,73116
6529,95670
6532,54981
6534,91791
6535,93514
6537,31030
6538,30110
6539,70070
6543,44312
6545,12986
6546,77338
6550,30531
6552,12834
6553,95066
6555,77503
6556,99352
6557,34698
6558,38606
6561,60435
6563,28337
6564,35653
6565,78664
6566,27932
6567,75601
6569,80910
6570,28562
6574,32407
6576,7724
6578,79936
6583,47006
6584,64701
6585,7747
6588,22304
6589,33142
6590,38115
6591,55317
6592,34223
6593,94577
6594,63031
6596,19133
6598,76021
6602,28659
6603,33321
6604,96761
6606,60559
6610,70669
6612,50022
6613,74012
6615,33950
6616,80003
6621,76645
6622,70546
6623,70816
6624,24012
6625,28512
6626,79423
6629,93657
6630,34116
6631,70605
6632,75240
6633,92240
6634,76234
6636,17601
6637,75225
6638,39730
6639,70634
6640,49007
6641,94070
6642,48442
6643,94536
6644,49412
6646,61071
6647,92073
6651,37355
6652,35007
6653,33441
6654,70471
6656,27410
6657,46806
6658,7424
6660,32819
6661,78232
6662,42301
6664,42301
6665,33770
6666,40383
6668,33463
6669,46902
6670,63125
6672,70535
6673,60031
6674,93703
6675,85929
6676,60610
6677,74023
6678,44870
6680,15601
6681,75951
6682,34606
6683,10918
6684,23221
6685,28213
6688,90007
6689,37821
6691,64037
6693,70767
6694,67037
6695,74107
6696,73648
6697,16501
6700,30553
6701,40965
6703,1420
6704,75711
6705,46203
6706,94565
6708,53511
6710,93003
6711,34950
6712,33309
6713,7740
6714,37347
6715,37701
6717,32137
6718,32301
6719,34639
6723,99669
6726,61727
6727,80017
6728,76020
6729,36507
6732,41143
6733,61264
6735,77515
6736,68164
6737,32223
6738,68850
6739,68504
6740,97034
6743,12804
6744,6510
6745,47715
6746,61108
6749,60305
6750,1801
6751,7726
6752,17821
6753,76126
6754,77092
6755,78217
6756,92345
6757,95814
6759,97055
6760,28027
6762,1845
6763,20036
6764,92530
6765,94583
6767,16335
6768,32925
6770,82414
6771,60647
6773,92050
6774,97232
6775,53955
6776,41101
6778,15221
6781,37203
6782,29445
6783,46323
6784,70115
6785,66002
6786,72118
6787,89107
6788,28210
6789,44087
6790,17022
6791,62363
6792,45056
6793,94063
6794,38343
6795,53215
6797,85120
6798,78102
6799,48235
6803,92606
6804,93277
6805,84104
6806,40205
6807,43206
6808,30705
6810,94590
6812,53073
6813,70764
6814,82930
6818,60612
6821,54302
6822,15017
6823,72830
6824,30064
6825,12883
6826,6514
6827,32304
6828,34945
6830,5753
6832,96161
6837,32901
6838,32435
6839,2135
6840,46038
6842,62812
6843,37312
6844,59802
6845,97006
6847,4239
6849,88005
6850,41035
6852,27260
6853,95322
6855,80122
6862,33012
6863,2889
6864,30513
6865,42041
6866,8401
6868,18657
6871,13820
6873,35758
6875,1930
6876,29731
6877,67665
6879,33852
6881,70123
6882,6112
6885,31601
6887,75023
6888,60657
6891,95380
6893,44060
6894,66105
6896,32211
6897,37211
6899,6483
6901,44116
6902,3904
6903,71220
6904,33024
6906,71112
6907,55110
6908,33322
6910,31548
6912,66749
6915,77339
6916,78501
6918,19446
6919,19123
6920,36265
6922,91773
6925,89445
6926,89109
6927,48080
6928,60402
6929,65708
6931,77450
6933,97103
6934,53551
6938,75287
6939,37830
6941,60070
6942,55117
6943,6351
6945,93023
6947,30338
6948,33168
6949,95490
6951,30088
6952,33707
6953,39218
6954,26651
6956,33401
6958,70062
6959,45344
6960,36535
6961,33155
6962,29201
6963,98383
6965,89130
6966,75160
6968,97204
6969,70125
6970,37841
6972,74820
6973,75007
6975,32807
6976,28428
6977,71282
6978,7102
6981,92104
6982,35950
6983,23605
6984,23188
6985,35214
6986,19139
6988,70714
6990,32413
6993,52501
6996,2905
6997,77373
6998,50613
6999,90005
7000,22043
7001,93301
7003,73064
7004,32084
7006,48625
7007,48038
7010,48108
7011,67114
7012,40475
7013,93644
7014,75067
7015,73131
7016,76011
7018,77611
7019,78586
7020,74015
7021,47591
7022,40219
7025,48235
7026,98204
7029,44111
7030,27105
7032,67209
7033,45040
7034,49331
7035,30101
7036,30031
7037,90021
7039,6239
7040,60462
7042,33905
7043,77046
7044,64429
7045,17042
7046,17602
7047,63383
7049,99654
7050,60653
7051,6424
7052,53511
7056,55374
7058,95215
7059,2143
7060,70737
7061,77011
7062,58301
7063,55412
7064,68776
7065,14845
7066,14425
7067,85027
7069,60638
7070,80110
7071,38122
7072,90064
7074,91324
7076,2062
7077,2038
7078,94585
7079,43832
7081,65560
7086,25921
7087,62557
7088,33157
7090,25813
7091,78207
7093,29926
7096,63628
7097,77051
7100,94603
7101,61114
7102,32526
7103,37801
7104,44060
7107,82935
7110,40211
7111,32615
7113,99212
7114,28803
7115,94553
7117,29303
7119,95476
7120,80011
7121,10928
7122,56501
7124,60187
7125,63552
7126,46254
7127,79336
7129,33405
7131,44041
7132,70726
7133,13642
7135,33147
7136,63146
7139,76448
7140,63755
7142,32301
7143,35235
7144,32626
7145,77351
7147,33133
7148,99615
7149,11779
7151,33404
7152,93247
7153,99515
7154,32218
7155,95402
7156,4032
7158,33311
7160,44026
7161,33706
7164,87002
7165,80828
7166,33181
7167,32444
7172,77541
7173,71373
7174,77021
7175,13357
7179,71303
7180,20601
7181,60430
7182,27514
7189,2914
7190,74012
7191,72401
7192,74437
7193,76541
7194,3045
7195,71483
7196,71075
7197,76086
7199,60004
7200,23508
7201,99212
7202,38583
7203,65706
7204,1331
7205,33150
7206,15009
7207,65020
7208,53221
7209,34653
7213,17527
7214,92629
7215,78380
7218,61008
7221,94019
7222,32127
7223,38008
7224,44408
7225,63851
7230,33156
7231,34475
7232,69153
7233,8360
7235,83221
7237,75801
7238,60914
7240,79707
7241,77488
7242,48375
7243,30101
7244,66605
7245,33566
7246,15233
7247,15425
7249,62294
7250,44203
7251,72543
7252,66012
7253,33308
7255,30093
7256,75211
7257,2721
7258,76013
7259,79735
7261,83852
7262,75232
7263,27962
7266,33184
7267,96750
7268,73071
7269,75040
7270,73601
7271,11769
7273,7008
7274,32124
7275,77803
7276,21237
7277,36426
7278,3251
7279,40342
7280,2171
7282,48393
7284,45240
7285,54660
7286,77619
7289,46268
7291,29501
7292,60088
7294,33136
7295,33165
7296,33135
7297,33012
7298,29115
7299,80226
7300,35630
7301,15219
7302,33569
7303,4426
7304,17401
7305,24501
7306,17350
7309,67208
7310,42246
7312,19720
7313,53545
7315,77449
7316,81650
7320,96815
7321,64111
7323,60046
7324,38104
7328,38703
7329,92802
7330,45434
7331,46036
7333,48073
7334,92821
7341,29456
7342,44906
7343,89502
7344,27330
7345,24266
7346,55744
7347,7936
7349,37321
7350,70538
7351,6108
7354,61201
7358,54914
7359,40222
7360,37934
7361,97303
7362,6901
7363,30260
7364,77575
7365,79316
7366,37745
7367,80015
7368,41031
7369,96793
7370,93710
7371,90660
7372,7058
7373,77039
7374,70119
7379,78942
7381,85306
7382,92173
7385,60648
7386,73703
7387,73132
7388,32212
7392,44236
7393,33619
7394,20003
7395,75206
7396,28262
7397,37214
7398,37760
7399,95037
7400,30341
7402,79109
7408,33135
7409,33166
7410,27855
7411,90503
7412,81082
7413,94124
7416,39563
7417,3042
7418,46218
7419,74104
7420,40962
7421,77072
7424,30223
7426,37072
7427,30071
7428,53081
7430,22405
7431,63119
7432,43452
7433,93246
7435,73044
7436,93955
7437,17345
7438,8054
7439,97132
7444,92136
7445,15222
7446,74955
7447,37601
7450,60160
7451,32955
7452,14217
7453,48210
7454,7652
7456,6405
7457,6430
7458,6824
7460,6460
7461,6460
7462,80134
7464,43015
7465,44425
7466,60624
7467,70819
7468,99901
7469,32922
7471,41701
7472,60013
7473,6820
7474,6820
7475,6443
7477,67207
7479,49345
7480,33948
7482,34654
7483,37407
7484,36322
7485,63028
7486,65721
7489,74107
7490,84014
7491,74017
7494,55103
7496,47130
7497,32063
7498,94607
7499,68521
7500,24540
7501,27511
7503,2364
7507,59601
7508,59715
7509,38128
7510,29615
7511,79407
7512,75038
7513,76011
7514,38118
7516,77365
7519,96701
7520,96795
7521,12701
7522,8098
7523,72104
7525,55441
7526,2864
7527,60085
7528,90270
7530,33543
7531,64801
7532,3276
7533,92145
7535,58501
7540,67301
7542,32448
7543,95620
7544,32303
7546,60077
7547,76384
7548,99603
7550,37769
7552,10017
7554,91911
7557,36117
7560,15210
7562,31901
7563,55404
7566,55044
7567,78934
7569,70037
7570,94513
7571,47882
7573,6804
7574,97367
7575,59301
7576,78221
7578,79029
7579,93710
7581,71037
7582,92008
7583,76574
7584,78410
7585,71822
7586,76053
7587,3253
7588,10547
7589,77007
7591,97424
7592,97756
7593,59701
7594,80504
7595,48917
7596,44720
7598,75165
7599,32810
7601,99503
7602,99502
7603,35660
7604,81505
7605,93930
7606,93277
7608,82633
7610,14489
7611,82520
7614,75252
7616,43235
7617,98021
7618,27529
7619,77070
7620,6082
7622,75149
7623,44090
7631,60453
7632,25705
7633,79767
7634,94804
7636,67208
7637,35023
7638,2910
7639,62301
7641,17512
7647,74136
7648,29577
7649,45459
7650,49404
7651,44035
7652,43920
7653,36801
7654,63101
7657,90255
7658,75087
7659,48042
7660,14526
7661,33440
7662,28532
7663,22485
7664,7735
7665,30274
7667,53221
7668,79932
7669,33709
7671,13905
7673,92069
7675,93401
7676,94501
7677,94533
7678,63017
7679,30087
7680,99205
7681,6415
7682,4953
7683,15205
7686,63077
7687,30094
7688,78251
7689,41008
7690,60611
7691,98058
7692,77346
7694,45324
7695,23452
7697,50213
7698,92590
7699,13029
7700,49505
7702,28461
7703,93245
7704,13206
7705,15241
7706,8215
7709,39046
7711,77864
7712,87124
7713,65802
7714,49010
7717,15010
7718,45102
7719,70380
7721,72422
7722,53095
7725,26505
7727,99163
7728,77006
7729,45701
7730,77379
7731,34622
7732,33311
7733,63011
7736,57785
7738,36502
7739,62959
7740,61953
7741,72117
7742,42276
7743,43081
7745,29150
7746,60102
7748,42633
7754,45408
7755,37716
7756,30747
7758,78580
7761,72455
7762,10040
7764,76903
7765,90806
7767,94578
7768,66720
7769,69001
7770,44615
7771,34952
7772,66215
7776,73018
7778,74401
7779,32221
7780,81501
7781,85027
7782,30906
7784,85034
7785,44654
7786,71269
7787,61036
7788,60622
7789,97212
7790,89005
7791,91910
7793,17402
7794,74033
7797,44313
7801,78415
7802,80538
7804,92503
7805,80227
7807,29150
7808,4086
7809,6018
7810,43214
7811,27616
7812,38103
7813,32907
7815,75672
7816,85014
7818,93722
7819,73077
7822,85373
7824,39560
7826,32771
7827,35071
7828,76107
7830,96768
7831,96818
7833,14006
7837,21619
7838,76067
7841,94544
7843,7836
7845,21771
7848,74953
7849,78405
7850,78229
7851,72118
7853,46403
7854,60827
7855,81052
7856,73132
7857,22202
7858,34208
7863,24073
7864,85746
7865,77083
7872,27406
7873,83714
7875,79549
7876,75150
7877,78746
7879,33611
7882,89120
7887,93013
7888,43068
7889,90045
7890,89701
7891,1844
7893,7731
7896,28301
7897,68847
7898,53704
7899,98908
7928,17043
7929,75751
7930,22134
7931,25143
7932,93706
7935,34432
7937,24153
7938,28301
7939,17225
7940,40213
7941,45601
7942,93257
7943,99645
7944,7102
7946,48237
7947,66713
7949,45229
7950,44683
7951,44905
7952,95969
7953,99501
7955,48035
7959,19930
7960,16635
7962,75901
7963,90603
7964,32304
7965,77551
7966,97031
7967,46217
7968,70065
7969,35242
7970,19610
7971,84060
7972,99835
7973,34761
7974,33415
7975,10458
7976,48185
7977,75633
7981,27858
7983,96130
7985,29063
7986,64075
7987,6074
7988,44857
7989,45005
7990,63017
7991,7111
7992,38863
7993,39090
7995,4416
7997,97080
7998,98233
8000,30096
8001,75104
8002,75253
8003,48146
8004,23462
8005,30308
8006,36083
8007,99705
8010,85706
8011,33759
8012,75791
8013,66210
8014,90028
8015,99611
8016,55343
8017,44092
8018,78727
8020,70068
8021,94014
8022,38305
8023,32780
8024,31088
8025,30045
8026,2532
8027,23336
8030,41011
8031,5255
8032,52101
8033,61201
8034,44444
8035,8234
8036,92879
8037,77521
8038,30087
8040,75766
8041,77016
8042,62040
8043,65233
8044,33803
8047,91355
8048,99202
8049,70458
8050,97233
8051,67401
8052,45662
8053,77437
8054,73120
8055,37398
8056,78738
8057,36571
8058,62231
8059,21773
8060,77656
8061,33328
8062,15642
8063,3773
8064,44632
8066,30512
8067,82609
8068,2746
8069,68763
8070,79331
8072,22565
8073,58501
8075,33647
8084,88203
8093,80204
8096,53014
8097,49099
8100,30417
8104,28540
8110,19341
8114,49201
8115,21201
8119,37167
8128,28174
8129,27006
8131,8050
8132,78660
8133,63334
8135,75703
8138,94533
8140,77095
8143,13760
8145,48849
8149,61114
8165,40258
8166,40228
8167,48089
8168,78666
8171,62859
8182,22727
8192,24435
8193,56378
8195,95330
8198,52003
8200,55987
8201,64804
8206,89117
8208,80482
8209,84020
8212,92408
8216,34997
8217,33908
8219,91010
8223,91344
8232,33511
8233,77573
8234,92345
8241,98467
8245,35235
8255,26582
8259,86047
8261,19124
8265,40360
8266,2891
8278,29229
8283,27262
8284,27317
10000,22193
10008,27292
10009,75241
10010,21793
10012,74344
10013,33873
10014,33809
10015,11738
10016,60473
10018,51102
10019,19801
10020,43050
10021,24740
10022,23235
10023,92392
10024,34746
10025,20785
10027,45669
10029,17963
10030,67501
10032,43056
10033,77327
10034,32425
10035,60431
10036,28613
10037,35986
10038,33511
10039,62948
10043,41339
10044,40484
10045,41073
10046,23235
10047,84651
10049,76063
10050,37211
10051,40033
10052,6810
10054,78238
10055,49426
10056,48059
10057,30539
10058,35954
10059,26241
10061,32937
10062,35094
10063,29615
10064,15022
10065,36401
10066,77060
10067,29611
10068,95405
10069,90016
10070,90008
10071,25309
10072,76513
10073,14559
10074,7303
10075,65711
10076,78226
10080,73130
10081,54401
10082,43512
10083,8080
10086,95124
10088,93534
10092,5446
10094,92105
10095,95112
10096,12885
10097,53406
10098,23320
10099,20002
10101,75006
10102,21921
10104,29607
10106,23464
10107,30318
10109,72211
10111,43614
10113,68154
10114,71601
10115,65712
10117,46131
10119,71360
10120,32514
10121,38372
10123,79915
10124,32780
10125,78748
10126,77301
10128,80517
10129,90033
10130,7004
10131,30022
10132,79925
10133,44145
10134,66502
10135,44109
10136,12549
10137,75236
10138,32809
10139,2780
10140,32819
10141,85345
10142,22192
10144,79756
10145,76118
10146,72632
10147,88005
10148,27597
10149,44202
10150,95340
10151,36108
10155,21046
10156,42539
10157,37412
10158,38109
10159,28584
10160,92691
10161,34233
10162,94102
10163,98155
10164,60617
10165,43229
10167,30144
10168,29803
10169,2886
10170,22482
10171,78613
10172,83706
10173,99362
10174,35228
10175,60661
10179,94110
10180,71639
10181,74079
10182,52402
10184,49038
10187,33619
10189,21901
10190,28459
10191,31406
10192,60644
10194,33570
10195,17319
10196,39051
10197,6107
10198,37863
10199,30269
10200,93933
10201,71852
10204,48091
10206,33705
10208,71295
10209,58078
10212,17013
10214,95932
10215,33126
10217,80132
10218,65101
10219,20002
10221,44446
10222,93960
10223,81201
10224,45121
10225,38119
10227,43502
10230,76022
10231,60084
10232,30064
10233,53212
10234,31322
10235,94621
10236,29607
10238,13224
10239,44883
10241,21629
10242,44023
10243,65065
10244,37130
10245,33782
10246,16146
10247,36107
10248,47327
10249,30525
10250,67735
10251,12866
10252,98382
10254,3584
10255,38111
10256,17110
10257,32225
10258,31410
10259,35957
10260,15206
10262,57401
10264,67219
10265,92805
10266,25276
10267,27612
10268,53216
10269,78225
10270,22026
10271,78210
10272,44827
10273,75602
10274,55445
10275,21811
10276,4901
10277,39204
10279,52804
10280,70503
10281,24522
10282,40831
10283,53132
10285,30907
10286,1950
10288,20004
10291,90022
10294,75067
10295,90059
10296,21044
10297,59808
10298,71953
10299,84015
10300,74058
10301,38012
10302,32708
10303,75041
10304,27104
10308,65613
10309,40507
10311,64020
10313,75701
10314,11801
10316,62901
10317,20879
10318,26452
10319,74301
10321,45822
10322,33436
10324,77030
10325,73111
10327,19150
10329,35217
10330,30052
10331,48195
10332,48433
10333,15825
10334,94539
10335,1089
10336,6051
10337,43701
10338,95355
10339,58701
10340,44646
10341,30281
10344,32817
10345,20784
10346,21853
10348,20832
10352,37064
10353,60007
10354,97477
10356,98045
10357,75501
10358,95621
10359,75234
10362,17601
10363,28777
10364,30062
10365,77598
10366,78227
10367,88001
10368,76528
10369,45817
10370,77095
10371,45415
10372,77093
10374,40741
10375,28714
10376,23294
10377,32953
10378,33584
10379,77030
10380,35010
10382,20006
10384,85282
10385,70807
10387,65738
10388,98499
10389,21403
10390,34997
10391,6040
10392,80123
10393,87031
10394,19808
10395,16148
10396,20622
10397,33351
10398,16428
10402,29180
10403,39083
10404,44502
10406,32958
10407,10003
10408,33155
10410,28160
10411,1721
10412,47112
10413,14450
10414,75212
10415,75116
10419,70003
10420,74631
10421,41653
10422,74525
10423,53959
10424,33172
10425,29169
10427,44144
10428,22554
10431,29405
10432,78212
10433,48458
10435,48616
10436,48505
10437,84604
10438,75249
10439,36301
10442,77445
10443,12065
10445,7095
10446,53027
10447,75075
10448,44131
10449,34471
10451,32822
10452,12078
10453,43338
10456,34685
10457,98258
10458,94536
10459,85346
10461,98002
10464,27530
10465,3103
10466,60069
10467,85205
10468,37040
10470,75206
10471,64079
10472,28403
10473,43062
10474,92054
10476,63129
10478,2115
10481,30236
10482,11432
10483,33708
10485,75019
10486,44691
10487,77478
10489,89506
10490,78503
10491,77979
10492,19702
10493,38663
10495,79912
10496,29301
10497,21234
10500,95682
10501,98032
10502,35124
10503,90815
10505,65714
10506,26037
10507,78109
10509,20109
10511,85710
10512,43222
10513,71854
10514,96094
10515,98368
10516,65616
10517,70517
10518,30528
10519,75147
10520,32563
10521,36867
10522,10475
10523,27909
10524,29223
10525,80030
10526,72023
10527,77023
10528,10038
10530,42420
10531,32707
10532,36693
10533,62441
10534,81004
10535,45106
10536,33458
10537,33034
10539,27105
10540,65262
10541,62263
10542,67846
10543,66212
10544,3060
10545,19151
10547,60061
10548,70817
10549,55378
10550,33912
10551,95695
10552,92134
10553,43213
10554,96003
10555,95240
10556,98270
10557,48858
10558,77546
10559,44104
10560,92701
10561,80122
10562,32250
10566,44278
10567,6704
10568,45324
10569,75020
10570,63070
10571,33612
10572,34613
10574,90280
10575,84070
10576,80866
10577,60133
10578,32720
10579,7849
10583,53581
10584,35173
10585,78945
10586,78230
10587,91767
10588,65453
10589,37813
10591,28722
10593,40272
10594,44003
10596,29169
10597,85210
10598,37211
10599,68434
10600,90046
10601,44231
10602,43602
10603,98056
10605,49202
10606,69162
10607,27409
10608,26601
10610,99403
10611,58103
10612,50219
10615,21074
10616,32805
10617,31636
10618,93631
10619,28215
10620,2842
10621,30122
10622,3234
10624,21146
10625,20019
10626,21230
10627,66801
10628,19460
10629,38237
10631,20722
10632,45011
10634,45240
10635,30047
10636,30297
10637,53048
10638,29210
10639,85704
10640,86045
10641,45238
10642,60625
10643,78043
10645,75428
10646,96792
10647,30071
10648,25186
10649,29325
10650,98406
10651,98006
10653,21213
10654,34447
10655,62236
10656,97210
10658,22601
10659,35057
10660,94303
10661,29118
10662,37871
10663,40324
10664,33139
10665,30549
10666,35208
10667,72032
10668,21740
10671,33063
10672,62049
10673,62232
10675,78250
10676,38018
10677,62226
10678,98498
10679,85022
10680,71251
10681,90201
10682,48219
10683,48509
10684,79601
10686,4330
10687,34243
10688,5743
10689,29078
10691,77054
10692,91341
10693,90303
10694,39402
10697,48321
10698,19010
10699,37040
10700,95368
10705,44077
10706,34747
10707,19094
10708,46408
10710,53533
10711,68504
10713,21787
10714,20878
10715,66762
10716,50248
10717,34957
10718,78411
10719,6106
10720,60620
10721,27546
10722,96021
10723,23060
10724,32836
10725,37091
10726,73072
10729,48864
10730,44432
10732,12919
10733,97401
10734,20743
10735,1301
10737,80216
10738,22554
10739,78654
10740,75644
10741,48309
10742,60187
10743,60461
10744,60073
10745,60477
10746,90706
10747,85234
10748,90630
10749,19083
10750,34109
10751,32837
10752,25526
10753,72921
10754,45237
10755,98134
10756,77056
10757,92843
10758,21550
10759,75098
10760,80223
10761,96712
10763,20601
10765,29072
10766,19372
10767,26757
10768,21701
10771,54703
10772,34145
10773,33603
10774,73159
10776,52060
10778,35016
10779,25701
10780,30083
10781,84106
10782,98516
10783,78411
10784,33326
10786,44320
10788,39367
10789,30643
10790,30096
10794,90027
10795,37421
10796,54303
10797,79936
10798,12306
10800,23860
10801,24401
10802,33463
10803,84770
10804,25130
10805,90044
10806,46240
10807,92139
10808,44707
10809,1876
10810,71832
10812,27804
10814,24019
10816,90732
10817,23702
10818,38401
10823,66203
10824,90650
10825,92320
10826,29334
10827,98501
10828,21218
10829,27520
10830,55444
10831,98204
10832,76017
10833,88045
10835,33912
10836,33071
10837,34744
10839,85043
10840,44484
10841,70663
10842,45103
10843,71302
10844,43085
10845,95051
10846,34669
10847,34453
10848,15626
10849,72301
10851,48161
10852,95632
10853,77571
10854,42445
10856,44646
10857,74801
10858,87111
10859,44212
10861,73141
10862,23227
10863,7716
10864,95503
10865,93210
10866,23113
10868,79831
10870,16117
10871,8753
10872,53177
10873,61032
10874,54476
10876,21221
10877,6473
10878,47725
10879,44483
10880,43608
10881,33435
10882,54143
10883,75126
10885,66223
10886,49341
10887,93901
10890,32218
10891,33702
10892,56301
10893,19355
10894,38115
10895,33912
10896,85268
10899,71463
10900,72113
10901,33073
10902,48221
10903,17059
10904,14580
10905,78597
10907,77532
10909,52361
10910,40906
10912,30134
10913,19132
10914,6335
10915,74868
10918,19007
10919,78741
10920,91731
10921,93274
10923,76667
10924,33624
10925,30062
10927,33050
10928,97223
10930,15931
10932,45872
10933,44813
10934,33027
10937,72701
10938,66061
10939,85730
10940,29209
10941,75217
10942,57580
10943,28105
10946,33196
10948,77504
10949,77474
10950,48103
10951,36784
10952,20735
10953,12304
10954,85307
10955,98201
10956,98226
10957,47441
10958,42127
10959,77957
10960,27893
10961,31539
10962,93015
10963,73501
10964,41041
10978,28311
10979,92025
10980,66901
10981,93618
10982,5661
10983,70130
10985,12020
10986,46567
10987,48174
10989,41042
10992,91763
10993,98033
10994,41144
10995,25601
10996,92130
10997,91606
11003,63114
11004,51503
11006,39305
11007,30188
11008,36340
11009,62837
11010,30344
11011,30439
11012,11211
11014,80914
11015,48001
11016,91384
11017,34698
11018,85044
11020,30038
11021,79901
11023,94545
11024,74467
11025,53103
11026,97060
11027,98040
11028,80906
11029,90620
11031,73103
11032,90262
11033,23320
11034,17603
11035,23824
11036,12477
11037,48180
11038,60915
11040,43220
11041,97702
11042,97814
11043,68111
11044,65807
11046,84041
11047,45331
11049,60162
11050,49509
11052,78251
11054,62703
11055,33428
11056,29697
11058,44130
11060,87117
11061,72764
11063,54806
11064,85254
11065,31419
11066,87901
11067,48415
11068,60938
11069,83854
11070,33919
11071,70809
11072,19933
11073,67226
11075,85258
11076,96819
11077,96706
11078,80903
11079,7102
11080,97211
11083,28377
11084,70791
11085,34746
11086,8734
11087,37879
11088,78501
11089,92804
11090,44307
11091,70506
11093,35802
11094,20876
11095,96007
11097,80221
11099,98683
11100,98037
11101,22401
11103,43228
11105,24084
11106,34974
11107,84601
11109,37076
11110,46580
11112,10304
11113,30501
11114,33076
11115,85745
11116,44266
11118,90056
11119,57103
11120,85250
11121,32065
11122,33316
11123,29303
11124,93722
11125,35555
11126,40258
11127,43147
11128,43219
11129,10310
11130,94591
11131,38125
11132,12072
11133,35401
11134,21208
11138,6512
11139,10474
11141,30127
11142,46410
11144,44720
11145,40356
11146,98315
11148,80525
11149,37923
11150,78721
11151,13316
11153,93907
11154,8852
11155,32086
11156,44612
11157,90031
11160,91706
11161,86322
11162,32940
11163,10013
11164,72022
11165,71601
11166,43223
11167,25428
11168,60901
11169,94952
11170,22030
11171,30278
11172,14623
11173,99709
11174,28227
11175,23510
11176,23005
11177,78602
11178,76424
11179,23692
11180,92121
11181,92122
11182,48706
11183,48227
11184,32579
11185,19901
11186,63119
11187,40601
11188,49348
11189,31547
11190,46526
11192,14120
11193,84041
11194,90266
11197,29420
11198,62222
11199,31816
11200,28269
11201,21144
11202,92606
11203,32962
11204,91352
11205,90405
11206,92019
11207,74361
11210,78746
11211,90248
11212,28403
11213,27701
11214,97526
11215,92311
11216,76825
11217,18322
11219,96743
11220,26170
11222,46142
11223,35960
11227,7087
11228,29325
11229,65605
11231,60563
11232,29016
11233,83647
11234,97501
11235,66101
11236,48207
11237,21014
11238,20745
11239,20794
11240,97222
11241,36049
11242,33614
11243,38351
11245,35611
11246,30143
11247,30180
11248,14225
11250,1752
11251,92154
11252,92128
11253,6374
11255,53072
11256,25071
11259,3303
11260,95630
11261,60193
11263,48195
11264,2907
11265,33606
11266,32730
11267,65802
11268,29649
11269,46902
11270,43615
11271,1569
11272,35045
11276,41465
11277,45405
11278,51632
11279,62040
11280,8857
11281,32303
11282,34203
11283,30296
11284,37849
11286,61108
11287,53228
11288,2341
11289,19082
11291,47712
11292,10457
11293,15068
11294,70818
11295,99205
11296,95828
11297,44053
11298,75979
11300,78521
11301,94806
11302,35121
11303,19901
11304,61951
11305,45693
11306,7065
11307,32935
11311,20018
11312,55056
11316,46038
11317,48150
11319,42320
11320,24523
11321,57325
11322,70461
11323,31513
11324,29010
11325,48045
11326,48197
11327,77598
11328,79927
11329,55428
11330,71106
11331,91302
11332,78520
11333,33165
11334,16057
11335,5446
11338,93610
11339,33952
11340,85224
11341,60188
11342,38320
11343,77504
11344,44004
11345,34602
11346,85032
11347,92562
11348,49431
11350,21220
11351,13616
11352,77024
11354,78751
11355,28540
11357,21740
11358,61354
11360,80237
11362,31907
11364,53045
11365,47710
11366,44135
11367,98110
11368,11722
11369,48872
11370,80214
11371,32810
11372,7002
11373,23454
11374,61455
11375,90640
11376,43035
11377,90065
11378,2896
11379,37725
11380,21702
11381,77429
11382,46122
11383,34481
11384,8054
11385,27707
11386,52244
11387,66604
11388,14621
11389,47933
11390,64151
11391,27522
11392,79007
11393,95136
11394,28314
11395,27834
11396,27371
11397,55432
11398,20837
11399,29115
11400,28806
11401,28054
11402,89523
11403,94547
11404,37185
11406,35244
11408,95035
11409,65201
11410,97420
11411,98532
11412,42001
11413,32304
11414,7104
11415,90717
11416,93711
11417,72076
11418,85621
11420,35630
11421,63379
11422,28557
11424,85711
11427,85202
11429,24870
11430,65804
11433,61462
11434,75773
11435,53948
11436,65559
11437,30263
11438,28150
11439,98335
11440,49242
11441,66213
11442,29033
11443,31061
11444,2898
11445,80229
11446,32119
11448,18436
11449,93280
11450,42754
11451,45764
11452,12590
11453,49015
11454,62024
11455,45177
11456,84120
11458,51501
11459,45805
11460,7719
11461,96761
11462,84047
11463,81416
11464,20650
11465,46268
11466,46975
11467,91723
11468,11361
11469,45879
11470,30622
11471,70586
11472,33617
11473,87004
11474,1969
11477,76705
11478,4011
11479,53012
11480,45638
11481,48073
11482,75455
11483,37601
11485,99336
11486,70128
11487,33165
11488,43619
11489,93535
11490,43228
11491,20002
11492,83202
11493,93550
11494,47172
11495,44111
11496,93711
11497,24012
11498,48074
11500,24219
11502,97223
11503,18252
11504,64870
11505,49508
11506,98823
11508,12528
11509,53532
11510,65301
11511,33138
11513,54521
11514,1864
11515,77381
11516,50325
11517,39110
11518,30635
11520,48105
11522,92887
11523,27511
11524,90248
11525,44273
11526,31313
11527,12540
11528,2119
11529,95350
11530,45150
11531,1603
11533,15301
11534,23454
11535,46962
11538,85743
11539,45241
11540,1107
11541,54452
11542,11234
11543,35020
11544,49087
11545,38570
11546,32773
11548,51111
11549,92553
11550,88435
11551,59047
11552,85224
11553,98550
11554,48847
11555,18631
11557,48532
11558,60014
11559,60639
11560,37312
11561,70346
11562,85719
11563,92677
11564,56007
11565,1840
11566,45769
11567,48083
11568,55344
11569,91748
11570,45069
11571,17109
11572,47807
11573,77665
11574,97266
11575,1077
11576,95825
11577,63376
11579,44224
11580,6851
11582,18344
11583,40513
11584,49002
11585,36206
11586,13783
11587,29223
11588,34209
11589,93010
11591,30534
11592,45459
11593,29605
11594,72901
11595,76450
11596,11432
11597,94913
11598,35204
11599,33126
11600,37918
11601,6770
11602,2714
11603,60411
11604,28226
11605,90065
11606,62701
11607,22712
11608,18914
11611,23005
11612,37214
11613,64015
11615,33909
11616,11226
11617,64110
11618,64089
11619,21214
11620,41094
11621,97305
11622,50322
11623,64157
11624,89512
11625,96911
11626,23523
11627,60455
11628,92707
11629,92707
11630,62702
11632,44203
11633,49677
11634,48185
11636,53149
11637,35044
11638,46143
11639,21215
11640,65026
11642,92879
11643,71111
11645,25304
11646,27545
11647,2766
11649,13084
11650,43612
11651,68516
11652,46254
11654,64730
11655,84107
11656,32566
11657,73080
11658,24931
11659,93292
11660,24551
11661,54615
11662,37343
11663,48126
11664,85280
11665,44011
11666,33445
11667,99004
11668,1752
11669,39452
11670,90810
11671,66215
11672,39301
11673,60185
11675,3278
11676,29340
11677,33556
11679,7446
11680,85337
11681,24360
11682,42701
11683,23112
11684,49202
11685,92571
11686,24112
11687,43543
11688,8401
11689,68123
11690,93012
11691,70582
11693,56721
11694,55337
11696,79855
11697,29302
11698,36830
11701,28120
11702,46168
11703,15301
11705,78550
11706,93313
11707,28301
11708,98607
11710,41230
11711,95037
11713,46804
11714,62864
11715,26150
11716,33012
11717,20109
11718,24078
11719,22193
11720,45833
11721,32536
11722,16803
11723,44319
11724,38556
11726,42101
11727,12205
11728,62618
11729,2110
11730,96720
11731,65757
11734,76567
11735,84532
11736,11764
11737,40299
11738,32257
11739,85017
11740,30577
11742,94132
11743,30240
11744,93635
11745,92509
11746,44110
11747,36078
11748,34104
11749,28787
11750,33409
11751,90050
11752,85282
11753,49201
11754,50317
11755,32501
11756,23831
11758,92614
11762,30342
11763,92677
11765,28901
11766,70578
11767,30728
11769,28642
11771,23666
11773,91402
11774,30106
11778,12953
11779,27565
11780,55902
11781,48820
11783,46808
11785,97338
11786,37087
11788,49321
11789,46064
11790,1851
11791,95670
11792,98444
11793,29621
11794,97415
11795,23803
11796,87501
11797,95210
11799,29505
11800,54451
11801,32746
11802,17201
11803,29729
11804,2302
11805,93454
11806,32217
11807,88330
11810,33177
11811,20110
11812,32174
11813,42642
11814,33411
11815,20110
11817,46534
11818,89109
11821,30033
11822,31907
11823,6605
11824,43215
11825,45011
11826,90003
11828,78759
11829,8809
11830,44303
11831,92040
11832,78218
11833,50220
11834,94621
11835,24293
11836,33323
11837,33954
11838,94588
11839,90058
11841,7932
11842,30329
11843,33414
11844,59923
11845,95351
11847,46545
11851,21230
11852,48154
11853,78750
11854,84074
11855,84123
11856,44074
11857,60031
11858,30458
11859,7018
11860,12832
11862,27577
11863,68137
11864,30314
11865,91791
11866,80030
11867,37027
11868,37129
11869,63139
11870,92307
11871,49849
11872,51555
11873,24540
11874,97217
11875,20603
11876,29206
11877,23851
11879,47601
11880,67156
11881,18701
11884,78629
11885,88210
11886,6120
11887,83642
11888,98501
11889,99350
11892,19804
11893,14727
11895,46767
11896,52806
11897,66018
11898,85035
11899,35022
11900,48827
11901,12556
11902,62411
11903,63857
11904,4654
11905,35650
11906,59457
11910,31023
11911,30093
11912,32096
11914,10562
11915,31904
11916,97741
11917,64628
11918,98948
11919,21701
11920,35062
11921,48867
11923,44667
11924,38462
11925,38117
11926,1105
11927,45840
11931,58501
11932,27856
11933,35904
11934,21742
11935,49712
11936,14150
11937,44413
11940,68949
11941,85128
11943,38134
11944,52732
11945,84713
11946,36066
11947,93510
11949,91001
11950,21502
11951,21536
11953,37217
11956,35042
11957,64503
11958,32792
11960,97321
11961,45714
11962,49423
11963,46140
11964,46227
11965,60540
11966,78154
11967,44681
11968,30830
11969,44851
11970,52641
11971,54467
11972,53042
11973,37354
11974,32714
11975,37711
11976,78582
11978,66206
11979,7860
11980,95138
11982,96753
11983,78701
11984,70802
11986,37617
11988,19438
11989,77080
11994,48239
11995,44842
11996,98074
11998,21075
12000,11040
12001,43302
12002,7430
12004,39206
12005,39272
12008,8012
12009,1069
12010,24319
12011,75835
12012,48167
12014,38340
12017,46711
12018,16509
12019,43611
12020,33433
12022,33838
12023,36532
12024,19808
12025,23834
12026,42502
12027,77657
12028,48473
12029,38358
12030,10974
12032,34608
12033,11530
12034,44256
12036,90026
12037,54016
12038,26554
12039,7832
12040,29560
12041,75840
12042,56560
12043,98684
12044,60546
12045,1201
12046,98155
12047,48895
12052,32221
12055,60030
12056,94560
12057,93257
12061,1475
12062,19606
12063,64424
12064,1007
12065,97045
12066,27103
12067,89102
12069,32084
12070,76248
12071,26431
12072,95948
12073,35570
12075,42029
12080,66545
12082,46013
12083,35125
12084,59860
12085,35243
12086,97138
12087,89019
12088,95448
12089,23803
12090,22546
12093,29803
12094,48439
12095,34990
12096,47150
12097,62839
12098,43756
12099,72542
12100,57301
12101,50316
12102,60417
12103,28607
12104,11771
12105,35211
12106,35594
12107,6471
12108,28752
12109,64133
12110,89408
12111,33160
12112,53534
12113,53963
12116,18428
12117,45402
12118,86314
12119,34287
12120,23836
12122,48204
12123,48912
12125,29571
12127,47446
12128,42728
12129,37083
12130,23669
12131,48453
12132,22630
12133,66062
12134,12303
12137,15650
12138,21017
12139,20774
12140,47012
12142,48732
12143,25411
12144,43724
12146,92508
12149,28677
12150,28713
12151,15229
12152,68822
12153,17737
12156,98390
12157,53092
12161,34986
12162,21045
12167,24343
12168,2050
12169,36272
12170,37166
12171,12414
12172,44122
12173,20721
12174,83401
12175,98032
12178,7047
12179,85344
12180,60936
12182,15231
12184,60067
12185,70359
12187,63051
12188,62703
12189,49103
12190,87401
12191,90011
12194,26003
12195,27302
12196,44691
12197,26034
12199,2703
12201,44811
12202,97141
12203,46310
12204,52806
12206,80477
12207,14468
12208,63084
12209,45232
12210,36117
12211,86046
12212,75230
12213,22827
12215,33157
12217,75570
12218,46122
12219,71457
12220,40108
12221,59427
12222,59840
12225,21162
12226,36545
12227,12548
12228,24605
12229,61348
12230,85614
12231,32821
12232,41129
12233,5468
12235,50266
12236,29006
12237,41858
12238,15537
12239,21218
12242,5403
12243,72143
12244,61701
12245,48462
12246,92277
12247,99344
12248,95401
12249,28697
12252,92507
12253,20616
12254,46825
12255,3244
12256,60441
12257,43623
12258,38843
12259,17824
12260,55063
12261,64085
12262,96950
12263,66441
12264,95376
12265,49228
12266,11377
12267,31024
12268,38801
12272,3053
12273,92371
12274,64759
12275,45107
12277,37830
12279,89502
12280,33935
12281,46124
12282,28398
12283,44870
12284,97477
12285,60490
12286,75218
12287,71203
12288,50250
12289,6810
12291,65608
12292,71241
12293,27610
12294,98837
12295,98038
12296,23168
12297,10703
12298,32805
12299,14482
12302,12453
12303,37615
12304,53022
12306,94526
12307,92234
12308,48227
12309,33186
12312,32340
12313,13140
12314,13164
12315,50126
12317,30153
12318,10314
12319,30067
12320,53050
12321,48315
12323,93063
12324,20171
12325,49230
12326,33016
12328,84032
12329,86336
12330,31794
12331,30318
12332,27587
12334,2921
12336,78624
12337,54650
12338,85349
12340,77378
12341,29301
12342,15901
12343,63136
12344,44146
12346,20151
12347,55987
12348,46563
12350,78644
12352,11209
12353,89014
12354,46239
12355,1469
12356,32068
12357,32256
12358,78045
12359,14612
12360,80911
12361,97013
12363,46256
12365,47220
12366,46721
12367,46996
12368,46761
12369,47918
12370,40220
12373,49106
12375,15801
12376,8087
12382,74133
12383,74145
12384,77587
12386,93221
12390,95928
12391,88101
12393,27529
12394,76501
12395,27893
12396,33315
12397,75041
12401,62233
12402,14094
12403,32503
12404,77077
12405,72401
12407,55369
12408,30022
12409,94550
12411,71107
12412,96013
12413,72012
12414,26164
12415,15147
12419,68788
12420,37055
12421,74432
12423,35758
12426,39350
12429,44709
12430,78731
12436,43140
12437,60071
12439,85017
12440,65483
12442,47803
12449,11372
12452,61254
12453,22911
12455,47978
12458,75034
12459,96734
12461,38821
12463,21797
12464,95020
12465,41501
12466,48239
12470,95307
12479,33909
12488,46402
12490,97457
12493,85374
12494,42765
12495,87109
12500,82007
12501,87301
12502,30809
12504,29841
12506,36075
12507,36089
12512,61073
12513,38637
12514,30204
12515,61938
12517,72086
12519,32926
12520,97031
12522,37683
12523,78404
12524,78412
12525,89415
12527,6611
12530,82435
12531,25313
12532,97439
12533,6606
12536,85257
12537,45227
12538,41015
12539,44706
12543,71270
12544,75501
12552,21758
12554,54303
12558,95482
12560,95380
12561,77630
12562,35565
12563,49690
12565,94509
12566,93210
12567,56450
12568,44646
12569,38701
12571,55123
12572,54656
12574,55109
12575,55049
12576,57201
12580,95129
12583,27410
12595,29585
12597,10710
12604,39503
12608,17233
12609,77356
12611,33496
12612,59725
12613,77536
12614,40977
12617,35210
12619,72031
12623,21122
12627,72764
12628,76354
12629,76308
12632,55044
12634,16848
12636,60108
12637,60148
12638,60139
12640,7101
12641,7201
12644,37122
12648,67601
12650,67226
12653,92243
12654,54401
12655,46703
12656,33770
12658,96707
12659,96797
12660,96797
12664,23093
12665,71291
12669,19082
12673,78249
12676,25541
12677,93033
12678,10950
12680,38635
12681,19952
12682,19701
12689,45865
12692,53549
12693,98841
12699,43907
12700,30319
12702,76132
12708,27360
12709,75080
12710,44109
12712,97701
12714,97128
12715,48843
12718,95621
12722,67880
12725,43793
12729,98604
12730,33021
12732,32927
12733,32820
12734,43606
12735,10509
12740,77502
12744,95076
12749,40456
12751,5641
12762,77478
12763,98003
12765,78621
12766,25951
12769,22407
12770,22553
12774,49321
12775,12569
12776,97215
12778,4543
12779,77547
12780,49337
12782,67206
12783,41001
12784,45123
12785,60666
12787,68818
12789,39648
12790,29577
12791,92083
12794,21601
12796,76104
12803,98002
12804,78502
12811,50707
12812,56156
12814,54758
12815,55901
12817,56101
12818,48768
12819,48759
12824,29455
12825,47042
12827,29042
12828,95670
12829,55008
12830,32738
12831,32725
12833,42437
12839,49316
12840,31036
12844,14227
12845,29681
12846,83837
12847,96818
12848,77868
12850,61061
12852,44262
12857,19154
12858,19148
12862,17032
12865,30264
12866,30127
12869,32082
12870,32606
12871,32424
12873,38201
12875,38063
12876,37015
12877,35601
12878,42134
12884,75229
12885,33068
12886,62644
12887,55309
12890,46506
12892,41048
12894,32907
12895,47122
12896,42743
12897,68107
12900,47150
12904,47620
12913,44515
12915,92111
12916,29732
12924,32097
12925,49660
12931,61068
12932,33132
12934,94583
12936,93560
12937,93534
12938,11419
12941,95993
12942,67203
12944,38632
12945,37148
12946,95746
12952,97133
12956,21090
12957,21015
12958,21224
12960,21620
12962,17019
12963,17545
12965,85715
12966,89014
12970,91605
12974,91342
12975,46227
12976,28560
12979,7712
12980,66801
12981,48188
12982,54843
12987,60119
12989,60134
12991,72209
12993,93030
13001,94030
13007,15904
13008,2019
13009,70508
13010,54935
13011,77535
13012,77494
13014,49007
13015,27408
13021,76117
13027,60154
13034,89119
13035,85937
13036,85938
13037,85607
13038,85602
13040,47842
13045,93021
13046,93030
13047,93444
13048,93436
13049,45385
13051,33178
13052,28217
13055,32822
13057,70605
13058,60018
13060,73107
13061,33549
13064,10009
13065,11949
13068,11218
13069,11772
13070,11216
13075,66047
13076,36853
13077,76230
13079,17044
13080,59230
13081,27858
13082,43821
13083,53158
13085,7054
13087,60608
13088,7050
13089,8330
13090,45692
13091,53520
13094,83814
13095,98264
13096,92583
13099,80209
13109,96150
13113,73446
13114,72616
13115,65548
13118,49428
13119,29702
13120,14075
13122,37403
13124,59808
13126,56001
13128,55352
13132,85706
13137,39042
13139,33962
13141,98055
13143,1540
13159,27609
13164,38382
13167,95843
13168,29910
13169,31305
13170,30467
13181,98521
13188,92325
13194,30233
13199,95340
13201,95304
13210,43713
13211,93030
13223,77032
13226,95687
13227,95762
13240,30260
13256,97702
13261,72756
13262,88260
13266,27405
13267,27405
13268,21117
13283,8889
13287,32708
13297,73013
13298,73099
13299,55104
13300,53964
13303,48446
13304,91775
13307,23456
13311,94587
13315,98569
13318,98367
13319,97862
13323,89031
13324,43449
13326,43506
13328,7203
13329,95642
13334,27609
13336,99156
13337,98292
13347,89820
13348,89419
13350,10566
13352,95831
13353,31639
13354,36274
13355,99517
13356,75246
13361,28210
13362,27511
13363,27511
13364,78207
13365,98597
13366,98118
13369,98108
13371,98902
13372,99019
13373,98296
13374,98503
13375,98117
13376,98528
13378,99504
13379,59102
13380,83333
13381,76135
13382,28405
13383,60060
13390,75028
13394,96749
13401,43613
13403,31714
13405,14414
13406,34110
13408,92123
13410,92111
13414,61448
13416,66725
13418,37064
13421,31206
13440,72703
13441,24277
13442,32588
13445,25443
13446,45342
13447,30260
13448,30087
13457,40324
13461,8230
13463,93241
13464,95747
13468,60103
13469,70611
13470,39437
13471,97403
13477,62565
13480,53598
13485,56267
13488,25309
13489,79201
13495,31522
13496,83301
13501,59711
13503,37918
13504,84058
13508,10451
13510,80550
13512,60143
13513,60194
13514,60005
13515,27332
13516,35234
13526,65803
13527,73069
13535,66204
13536,14569
13537,79924
13538,6260
13539,66434
13543,17866
13552,16602
13555,3785
13556,95387
13557,37075
13562,94546
13563,49631
13565,33308
13567,97470
13568,6416
13569,80249
13570,80249
13573,80249
13574,60491
13583,92782
13589,97219
13590,70448
13592,46805
13593,45356
13594,61554
13595,28412
13600,43551
13601,44035
13603,32757
13604,98116
13605,75041
13606,48101
13607,77074
13608,78155
13609,29907
13611,79065
13617,37421
13619,75080
13620,29582
13622,26351
13623,45383
13627,77037
13630,83709
13636,63801
13637,33860
13638,75103
13639,60555
13640,48030
13641,62801
13642,66209
13643,85226
13645,92545
13648,21727
13649,39180
13650,60152
13651,60102
13652,78550
13653,77008
13654,7303
13656,36695
13658,28562
13659,28532
13660,28532
13663,17748
13667,44077
13668,44067
13669,93212
13670,13662
13675,22150
13677,76116
13678,53217
13681,28303
13684,32771
13685,2861
13686,48708
13689,32812
13692,33029
13695,92253
13696,15601
13697,87120
13702,63033
13703,44601
13704,29824
13705,25962
13706,6468
13710,49601
13711,61856
13713,11757
13722,34210
13723,92392
13725,55416
13726,46530
13727,60177
13733,92376
13735,46303
13736,48504
13737,2122
13738,61611
13742,20147
13743,22601
13744,26847
13745,75243
13748,60044
13749,37363
13750,40047
13751,68521
13752,18337
13754,33511
13755,12180
13756,97754
13758,31405
13759,98275
13762,95519
13764,93703
13765,66223
13769,97123
13772,7066
13776,49081
13777,77057
13778,37086
13781,32168
13783,53110
13784,25271
13785,49505
13787,34234
13788,90059
13805,97479
13812,96003
13813,96019
13816,61754
13821,49031
13822,98826
13823,28601
13824,27529
13825,8827
13827,15701
13829,97302
13832,15946
13834,24656
13835,89128
13836,32217
13837,60031
13838,60606
13841,48108
13842,48390
13843,48331
13845,43230
13847,80012
13848,82070
13849,56164
13853,1866
13854,98620
13859,98631
13860,16830
13862,80216
13864,30315
13870,63104
13871,67003
13872,67951
13875,61701
13876,61615
13877,62703
13880,33914
13885,55304
13886,34222
13887,27944
13888,13206
13889,13340
13890,12010
13891,32796
13894,93550
13896,97230
13897,23322
13898,23061
13899,23662
13900,23322
13902,91107
13903,83651
13912,54136
13913,42261
13914,25530
13923,95648
13925,81001
13927,14870
13928,18848
13930,86333
13942,89301
13943,3452
13944,37716
13946,97068
13949,63501
13956,37138
13958,19464
13961,19403
13963,18947
13964,43207
13966,76112
13968,75243
13977,49444
13978,59102
13982,44862
13984,56265
13988,98311
13989,60021
13990,60030
13991,60046
14000,60123
14013,60135
14021,60012
14029,36582
14033,92057
14038,18301
14041,38138
14045,49092
14046,75137
14047,79907
14048,43221
14049,2767
14050,98664
14052,23505
14054,28150
14055,55371
14057,72401
14060,21722
14061,71322
14063,97386
14064,97304
14065,97738
14073,78217
14075,37188
14076,76106
14079,46176
14083,54911
14084,54302
14085,54115
14093,41472
14094,65616
14097,22079
14098,33326
14099,22180
14101,8611
14102,98036
14104,34953
14106,10036
14107,41042
14112,22192
14113,64683
14114,85206
14116,43103
14118,97301
14121,92562
14122,78758
14127,20165
14128,78752
14136,77079
14137,47512
14140,2740
14141,93720
14142,97330
14144,43231
14148,48888
14150,57049
14153,89101
14154,49935
14157,46723
14158,46792
14159,78130
14162,92262
14164,33181
14165,20723
14166,48809
14167,14070
14173,60610
14176,39823
14177,22620
14191,27834
14195,99503
14196,99515
14197,97051
14198,28304
14199,91702
14200,80027
14201,80723
14202,84319
14204,37078
14205,22812
14210,48876
14212,77365
14217,48234
14223,21236
14225,86004
14227,30144
14228,91915
14229,92024
14232,97448
14234,84624
14235,41649
14242,60544
14244,21211
14245,75238
14251,73034
14252,69138
14257,78520
14266,8753
14267,19533
14269,96789
14270,29577
14276,16630
14278,17066
14279,15824
14280,15767
14281,90303
14283,90023
14285,84095
14287,90201
14290,63664
14292,48880
14293,82443
14294,84115
14295,2747
14296,27542
14303,1949
14307,20009
14309,58701
14314,92707
14317,27949
14318,78539
14320,49855
14322,75034
14323,75023
14324,62269
14325,5851
14328,62930
14330,39345
14332,90254
14334,31008
14336,31063
14338,25701
14339,45685
14340,46077
14341,66205
14342,27604
14349,48507
14351,47951
14356,67010
14359,34475
14362,20874
14363,49707
14369,90002
14370,28412
14372,33139
14377,30101
14380,22315
14384,18951
14385,18045
14396,35146
14401,94601
14402,32308
14403,60008
14405,95988
14406,37763
14409,26301
14416,76092
14417,75240
14419,17074
14421,18801
14424,47390
14428,35244
14430,66030
14434,44685
14437,41139
14438,25312
14439,92860
14440,90650
14441,76018
14442,37416
14444,95242
14445,95660
14446,65043
14447,98201
14448,30815
14451,34473
14461,40701
14464,38654
14468,79424
14470,26537
14473,90063
14481,42038
14484,76708
14485,76137
14488,91740
14489,32402
14490,32837
14491,32824
14492,33594
14493,21911
14497,29206
14499,31620
14500,1970
14507,19146
14514,19140
14516,19131
14518,10460
14520,10470
14527,16438
14528,60416
14529,45209
14530,62960
14531,63957
14536,2301
14537,97504
14541,93203
14543,79925
14544,75062
14547,28031
14550,32765
14553,70785
14554,12077
14556,12590
14557,71449
14558,21632
14561,30044
14562,95422
14566,17847
14575,27106
14579,90723
14581,38133
14584,95407
14587,20165
14590,27610
14591,27284
14592,42064
14593,7513
14595,2368
14602,75801
14603,76135
14604,75180
14607,78753
14616,20724
14630,35022
14635,98223
14636,76108
14638,2138
14641,89123
14642,12110
14643,96766
14644,96797
14645,96740
14646,37228
14647,21012
14658,10119
14664,48429
14665,78572
14668,28213
14670,5001
14673,87124
14679,95126
14680,95035
14681,95023
14685,32136
